source_file,chunk_id,word_count
microsoft_intune_enrollment_options.txt,microsoft_intune_enrollment_options.txt_chunk_0001,350
microsoft_intune_enrollment_options.txt,microsoft_intune_enrollment_options.txt_chunk_0002,350
microsoft_intune_enrollment_options.txt,microsoft_intune_enrollment_options.txt_chunk_0003,350
microsoft_intune_enrollment_options.txt,microsoft_intune_enrollment_options.txt_chunk_0004,350
microsoft_intune_enrollment_options.txt,microsoft_intune_enrollment_options.txt_chunk_0005,350
microsoft_intune_enrollment_options.txt,microsoft_intune_enrollment_options.txt_chunk_0006,350
microsoft_intune_enrollment_options.txt,microsoft_intune_enrollment_options.txt_chunk_0007,350
microsoft_intune_enrollment_options.txt,microsoft_intune_enrollment_options.txt_chunk_0008,350
microsoft_intune_enrollment_options.txt,microsoft_intune_enrollment_options.txt_chunk_0009,174
nist_sp800_61r3_incident_response.txt,nist_sp800_61r3_incident_response.txt_chunk_0001,350
nist_sp800_61r3_incident_response.txt,nist_sp800_61r3_incident_response.txt_chunk_0002,350
nist_sp800_61r3_incident_response.txt,nist_sp800_61r3_incident_response.txt_chunk_0003,350
nist_sp800_61r3_incident_response.txt,nist_sp800_61r3_incident_response.txt_chunk_0004,350
nist_sp800_61r3_incident_response.txt,nist_sp800_61r3_incident_response.txt_chunk_0005,350
nist_sp800_61r3_incident_response.txt,nist_sp800_61r3_incident_response.txt_chunk_0006,350
nist_sp800_61r3_incident_response.txt,nist_sp800_61r3_incident_response.txt_chunk_0007,350
nist_sp800_61r3_incident_response.txt,nist_sp800_61r3_incident_response.txt_chunk_0008,350
nist_sp800_61r3_incident_response.txt,nist_sp800_61r3_incident_response.txt_chunk_0009,350
nist_sp800_61r3_incident_response.txt,nist_sp800_61r3_incident_response.txt_chunk_0010,350
nist_sp800_61r3_incident_response.txt,nist_sp800_61r3_incident_response.txt_chunk_0011,350
nist_sp800_61r3_incident_response.txt,nist_sp800_61r3_incident_response.txt_chunk_0012,350
nist_sp800_61r3_incident_response.txt,nist_sp800_61r3_incident_response.txt_chunk_0013,350
nist_sp800_61r3_incident_response.txt,nist_sp800_61r3_incident_response.txt_chunk_0014,350
nist_sp800_61r3_incident_response.txt,nist_sp800_61r3_incident_response.txt_chunk_0015,350
nist_sp800_61r3_incident_response.txt,nist_sp800_61r3_incident_response.txt_chunk_0016,350
nist_sp800_61r3_incident_response.txt,nist_sp800_61r3_incident_response.txt_chunk_0017,350
nist_sp800_61r3_incident_response.txt,nist_sp800_61r3_incident_response.txt_chunk_0018,350
nist_sp800_61r3_incident_response.txt,nist_sp800_61r3_incident_response.txt_chunk_0019,350
nist_sp800_61r3_incident_response.txt,nist_sp800_61r3_incident_response.txt_chunk_0020,350
nist_sp800_61r3_incident_response.txt,nist_sp800_61r3_incident_response.txt_chunk_0021,350
nist_sp800_61r3_incident_response.txt,nist_sp800_61r3_incident_response.txt_chunk_0022,350
nist_sp800_61r3_incident_response.txt,nist_sp800_61r3_incident_response.txt_chunk_0023,350
nist_sp800_61r3_incident_response.txt,nist_sp800_61r3_incident_response.txt_chunk_0024,350
nist_sp800_61r3_incident_response.txt,nist_sp800_61r3_incident_response.txt_chunk_0025,350
nist_sp800_61r3_incident_response.txt,nist_sp800_61r3_incident_response.txt_chunk_0026,350
nist_sp800_61r3_incident_response.txt,nist_sp800_61r3_incident_response.txt_chunk_0027,350
nist_sp800_61r3_incident_response.txt,nist_sp800_61r3_incident_response.txt_chunk_0028,350
nist_sp800_61r3_incident_response.txt,nist_sp800_61r3_incident_response.txt_chunk_0029,350
nist_sp800_61r3_incident_response.txt,nist_sp800_61r3_incident_response.txt_chunk_0030,350
nist_sp800_61r3_incident_response.txt,nist_sp800_61r3_incident_response.txt_chunk_0031,350
nist_sp800_61r3_incident_response.txt,nist_sp800_61r3_incident_response.txt_chunk_0032,350
nist_sp800_61r3_incident_response.txt,nist_sp800_61r3_incident_response.txt_chunk_0033,350
nist_sp800_61r3_incident_response.txt,nist_sp800_61r3_incident_response.txt_chunk_0034,350
nist_sp800_61r3_incident_response.txt,nist_sp800_61r3_incident_response.txt_chunk_0035,350
nist_sp800_61r3_incident_response.txt,nist_sp800_61r3_incident_response.txt_chunk_0036,350
nist_sp800_61r3_incident_response.txt,nist_sp800_61r3_incident_response.txt_chunk_0037,350
nist_sp800_61r3_incident_response.txt,nist_sp800_61r3_incident_response.txt_chunk_0038,350
nist_sp800_61r3_incident_response.txt,nist_sp800_61r3_incident_response.txt_chunk_0039,350
nist_sp800_61r3_incident_response.txt,nist_sp800_61r3_incident_response.txt_chunk_0040,350
nist_sp800_61r3_incident_response.txt,nist_sp800_61r3_incident_response.txt_chunk_0041,350
nist_sp800_61r3_incident_response.txt,nist_sp800_61r3_incident_response.txt_chunk_0042,350
nist_sp800_61r3_incident_response.txt,nist_sp800_61r3_incident_response.txt_chunk_0043,350
nist_sp800_61r3_incident_response.txt,nist_sp800_61r3_incident_response.txt_chunk_0044,350
nist_sp800_61r3_incident_response.txt,nist_sp800_61r3_incident_response.txt_chunk_0045,350
nist_sp800_61r3_incident_response.txt,nist_sp800_61r3_incident_response.txt_chunk_0046,350
nist_sp800_61r3_incident_response.txt,nist_sp800_61r3_incident_response.txt_chunk_0047,350
redhat_rhel7_storage_administration_guide.txt,redhat_rhel7_storage_administration_guide.txt_chunk_0001,350
redhat_rhel7_storage_administration_guide.txt,redhat_rhel7_storage_administration_guide.txt_chunk_0002,350
redhat_rhel7_storage_administration_guide.txt,redhat_rhel7_storage_administration_guide.txt_chunk_0003,350
redhat_rhel7_storage_administration_guide.txt,redhat_rhel7_storage_administration_guide.txt_chunk_0004,350
redhat_rhel7_storage_administration_guide.txt,redhat_rhel7_storage_administration_guide.txt_chunk_0005,350
redhat_rhel7_storage_administration_guide.txt,redhat_rhel7_storage_administration_guide.txt_chunk_0006,350
redhat_rhel7_storage_administration_guide.txt,redhat_rhel7_storage_administration_guide.txt_chunk_0007,350
redhat_rhel7_storage_administration_guide.txt,redhat_rhel7_storage_administration_guide.txt_chunk_0008,350
redhat_rhel7_storage_administration_guide.txt,redhat_rhel7_storage_administration_guide.txt_chunk_0009,350
redhat_rhel7_storage_administration_guide.txt,redhat_rhel7_storage_administration_guide.txt_chunk_0010,350
redhat_rhel7_storage_administration_guide.txt,redhat_rhel7_storage_administration_guide.txt_chunk_0011,350
redhat_rhel7_storage_administration_guide.txt,redhat_rhel7_storage_administration_guide.txt_chunk_0012,350
redhat_rhel7_storage_administration_guide.txt,redhat_rhel7_storage_administration_guide.txt_chunk_0013,350
redhat_rhel7_storage_administration_guide.txt,redhat_rhel7_storage_administration_guide.txt_chunk_0014,350
redhat_rhel7_storage_administration_guide.txt,redhat_rhel7_storage_administration_guide.txt_chunk_0015,350
redhat_rhel7_storage_administration_guide.txt,redhat_rhel7_storage_administration_guide.txt_chunk_0016,350
redhat_rhel7_storage_administration_guide.txt,redhat_rhel7_storage_administration_guide.txt_chunk_0017,350
redhat_rhel7_storage_administration_guide.txt,redhat_rhel7_storage_administration_guide.txt_chunk_0018,350
redhat_rhel7_storage_administration_guide.txt,redhat_rhel7_storage_administration_guide.txt_chunk_0019,350
redhat_rhel7_storage_administration_guide.txt,redhat_rhel7_storage_administration_guide.txt_chunk_0020,350
redhat_rhel7_storage_administration_guide.txt,redhat_rhel7_storage_administration_guide.txt_chunk_0021,350
redhat_rhel7_storage_administration_guide.txt,redhat_rhel7_storage_administration_guide.txt_chunk_0022,350
redhat_rhel7_storage_administration_guide.txt,redhat_rhel7_storage_administration_guide.txt_chunk_0023,350
redhat_rhel7_storage_administration_guide.txt,redhat_rhel7_storage_administration_guide.txt_chunk_0024,350
redhat_rhel7_storage_administration_guide.txt,redhat_rhel7_storage_administration_guide.txt_chunk_0025,350
redhat_rhel7_storage_administration_guide.txt,redhat_rhel7_storage_administration_guide.txt_chunk_0026,350
redhat_rhel7_storage_administration_guide.txt,redhat_rhel7_storage_administration_guide.txt_chunk_0027,350
redhat_rhel7_storage_administration_guide.txt,redhat_rhel7_storage_administration_guide.txt_chunk_0028,350
redhat_rhel7_storage_administration_guide.txt,redhat_rhel7_storage_administration_guide.txt_chunk_0029,350
redhat_rhel7_storage_administration_guide.txt,redhat_rhel7_storage_administration_guide.txt_chunk_0030,350
redhat_rhel7_storage_administration_guide.txt,redhat_rhel7_storage_administration_guide.txt_chunk_0031,350
redhat_rhel7_storage_administration_guide.txt,redhat_rhel7_storage_administration_guide.txt_chunk_0032,350
redhat_rhel7_storage_administration_guide.txt,redhat_rhel7_storage_administration_guide.txt_chunk_0033,350
redhat_rhel7_storage_administration_guide.txt,redhat_rhel7_storage_administration_guide.txt_chunk_0034,350
redhat_rhel7_storage_administration_guide.txt,redhat_rhel7_storage_administration_guide.txt_chunk_0035,350
redhat_rhel7_storage_administration_guide.txt,redhat_rhel7_storage_administration_guide.txt_chunk_0036,350
redhat_rhel7_storage_administration_guide.txt,redhat_rhel7_storage_administration_guide.txt_chunk_0037,350
redhat_rhel7_storage_administration_guide.txt,redhat_rhel7_storage_administration_guide.txt_chunk_0038,350
redhat_rhel7_storage_administration_guide.txt,redhat_rhel7_storage_administration_guide.txt_chunk_0039,350
redhat_rhel7_storage_administration_guide.txt,redhat_rhel7_storage_administration_guide.txt_chunk_0040,350
redhat_rhel7_storage_administration_guide.txt,redhat_rhel7_storage_administration_guide.txt_chunk_0041,350
redhat_rhel7_storage_administration_guide.txt,redhat_rhel7_storage_administration_guide.txt_chunk_0042,350
redhat_rhel7_storage_administration_guide.txt,redhat_rhel7_storage_administration_guide.txt_chunk_0043,350
redhat_rhel7_storage_administration_guide.txt,redhat_rhel7_storage_administration_guide.txt_chunk_0044,350
redhat_rhel7_storage_administration_guide.txt,redhat_rhel7_storage_administration_guide.txt_chunk_0045,350
redhat_rhel7_storage_administration_guide.txt,redhat_rhel7_storage_administration_guide.txt_chunk_0046,350
redhat_rhel7_storage_administration_guide.txt,redhat_rhel7_storage_administration_guide.txt_chunk_0047,350
redhat_rhel7_storage_administration_guide.txt,redhat_rhel7_storage_administration_guide.txt_chunk_0048,350
redhat_rhel7_storage_administration_guide.txt,redhat_rhel7_storage_administration_guide.txt_chunk_0049,350
redhat_rhel7_storage_administration_guide.txt,redhat_rhel7_storage_administration_guide.txt_chunk_0050,350
redhat_rhel7_storage_administration_guide.txt,redhat_rhel7_storage_administration_guide.txt_chunk_0051,350
redhat_rhel7_storage_administration_guide.txt,redhat_rhel7_storage_administration_guide.txt_chunk_0052,350
redhat_rhel7_storage_administration_guide.txt,redhat_rhel7_storage_administration_guide.txt_chunk_0053,350
redhat_rhel7_storage_administration_guide.txt,redhat_rhel7_storage_administration_guide.txt_chunk_0054,350
redhat_rhel7_storage_administration_guide.txt,redhat_rhel7_storage_administration_guide.txt_chunk_0055,350
redhat_rhel7_storage_administration_guide.txt,redhat_rhel7_storage_administration_guide.txt_chunk_0056,350
redhat_rhel7_storage_administration_guide.txt,redhat_rhel7_storage_administration_guide.txt_chunk_0057,350
redhat_rhel7_storage_administration_guide.txt,redhat_rhel7_storage_administration_guide.txt_chunk_0058,350
redhat_rhel7_storage_administration_guide.txt,redhat_rhel7_storage_administration_guide.txt_chunk_0059,350
redhat_rhel7_storage_administration_guide.txt,redhat_rhel7_storage_administration_guide.txt_chunk_0060,350
redhat_rhel7_storage_administration_guide.txt,redhat_rhel7_storage_administration_guide.txt_chunk_0061,350
redhat_rhel7_storage_administration_guide.txt,redhat_rhel7_storage_administration_guide.txt_chunk_0062,350
redhat_rhel7_storage_administration_guide.txt,redhat_rhel7_storage_administration_guide.txt_chunk_0063,350
redhat_rhel7_storage_administration_guide.txt,redhat_rhel7_storage_administration_guide.txt_chunk_0064,350
redhat_rhel7_storage_administration_guide.txt,redhat_rhel7_storage_administration_guide.txt_chunk_0065,350
redhat_rhel7_storage_administration_guide.txt,redhat_rhel7_storage_administration_guide.txt_chunk_0066,350
redhat_rhel7_storage_administration_guide.txt,redhat_rhel7_storage_administration_guide.txt_chunk_0067,350
redhat_rhel7_storage_administration_guide.txt,redhat_rhel7_storage_administration_guide.txt_chunk_0068,350
redhat_rhel7_storage_administration_guide.txt,redhat_rhel7_storage_administration_guide.txt_chunk_0069,350
redhat_rhel7_storage_administration_guide.txt,redhat_rhel7_storage_administration_guide.txt_chunk_0070,350
redhat_rhel7_storage_administration_guide.txt,redhat_rhel7_storage_administration_guide.txt_chunk_0071,350
redhat_rhel7_storage_administration_guide.txt,redhat_rhel7_storage_administration_guide.txt_chunk_0072,350
redhat_rhel7_storage_administration_guide.txt,redhat_rhel7_storage_administration_guide.txt_chunk_0073,350
redhat_rhel7_storage_administration_guide.txt,redhat_rhel7_storage_administration_guide.txt_chunk_0074,350
redhat_rhel7_storage_administration_guide.txt,redhat_rhel7_storage_administration_guide.txt_chunk_0075,350
redhat_rhel7_storage_administration_guide.txt,redhat_rhel7_storage_administration_guide.txt_chunk_0076,350
redhat_rhel7_storage_administration_guide.txt,redhat_rhel7_storage_administration_guide.txt_chunk_0077,350
redhat_rhel7_storage_administration_guide.txt,redhat_rhel7_storage_administration_guide.txt_chunk_0078,350
redhat_rhel7_storage_administration_guide.txt,redhat_rhel7_storage_administration_guide.txt_chunk_0079,350
redhat_rhel7_storage_administration_guide.txt,redhat_rhel7_storage_administration_guide.txt_chunk_0080,350
redhat_rhel7_storage_administration_guide.txt,redhat_rhel7_storage_administration_guide.txt_chunk_0081,350
redhat_rhel7_storage_administration_guide.txt,redhat_rhel7_storage_administration_guide.txt_chunk_0082,350
redhat_rhel7_storage_administration_guide.txt,redhat_rhel7_storage_administration_guide.txt_chunk_0083,350
redhat_rhel7_storage_administration_guide.txt,redhat_rhel7_storage_administration_guide.txt_chunk_0084,350
redhat_rhel7_storage_administration_guide.txt,redhat_rhel7_storage_administration_guide.txt_chunk_0085,350
redhat_rhel7_storage_administration_guide.txt,redhat_rhel7_storage_administration_guide.txt_chunk_0086,350
redhat_rhel7_storage_administration_guide.txt,redhat_rhel7_storage_administration_guide.txt_chunk_0087,350
redhat_rhel7_storage_administration_guide.txt,redhat_rhel7_storage_administration_guide.txt_chunk_0088,350
redhat_rhel7_storage_administration_guide.txt,redhat_rhel7_storage_administration_guide.txt_chunk_0089,350
redhat_rhel7_storage_administration_guide.txt,redhat_rhel7_storage_administration_guide.txt_chunk_0090,350
redhat_rhel7_storage_administration_guide.txt,redhat_rhel7_storage_administration_guide.txt_chunk_0091,350
redhat_rhel7_storage_administration_guide.txt,redhat_rhel7_storage_administration_guide.txt_chunk_0092,350
redhat_rhel7_storage_administration_guide.txt,redhat_rhel7_storage_administration_guide.txt_chunk_0093,350
redhat_rhel7_storage_administration_guide.txt,redhat_rhel7_storage_administration_guide.txt_chunk_0094,350
redhat_rhel7_storage_administration_guide.txt,redhat_rhel7_storage_administration_guide.txt_chunk_0095,350
redhat_rhel7_storage_administration_guide.txt,redhat_rhel7_storage_administration_guide.txt_chunk_0096,350
redhat_rhel7_storage_administration_guide.txt,redhat_rhel7_storage_administration_guide.txt_chunk_0097,350
redhat_rhel7_storage_administration_guide.txt,redhat_rhel7_storage_administration_guide.txt_chunk_0098,350
redhat_rhel7_storage_administration_guide.txt,redhat_rhel7_storage_administration_guide.txt_chunk_0099,350
redhat_rhel7_storage_administration_guide.txt,redhat_rhel7_storage_administration_guide.txt_chunk_0100,350
redhat_rhel7_storage_administration_guide.txt,redhat_rhel7_storage_administration_guide.txt_chunk_0101,350
redhat_rhel7_storage_administration_guide.txt,redhat_rhel7_storage_administration_guide.txt_chunk_0102,350
redhat_rhel7_storage_administration_guide.txt,redhat_rhel7_storage_administration_guide.txt_chunk_0103,350
redhat_rhel7_storage_administration_guide.txt,redhat_rhel7_storage_administration_guide.txt_chunk_0104,350
redhat_rhel7_storage_administration_guide.txt,redhat_rhel7_storage_administration_guide.txt_chunk_0105,350
redhat_rhel7_storage_administration_guide.txt,redhat_rhel7_storage_administration_guide.txt_chunk_0106,350
redhat_rhel7_storage_administration_guide.txt,redhat_rhel7_storage_administration_guide.txt_chunk_0107,350
redhat_rhel7_storage_administration_guide.txt,redhat_rhel7_storage_administration_guide.txt_chunk_0108,350
redhat_rhel7_storage_administration_guide.txt,redhat_rhel7_storage_administration_guide.txt_chunk_0109,350
redhat_rhel7_storage_administration_guide.txt,redhat_rhel7_storage_administration_guide.txt_chunk_0110,350
redhat_rhel7_storage_administration_guide.txt,redhat_rhel7_storage_administration_guide.txt_chunk_0111,350
redhat_rhel7_storage_administration_guide.txt,redhat_rhel7_storage_administration_guide.txt_chunk_0112,350
redhat_rhel7_storage_administration_guide.txt,redhat_rhel7_storage_administration_guide.txt_chunk_0113,350
redhat_rhel7_storage_administration_guide.txt,redhat_rhel7_storage_administration_guide.txt_chunk_0114,350
redhat_rhel7_storage_administration_guide.txt,redhat_rhel7_storage_administration_guide.txt_chunk_0115,350
redhat_rhel7_storage_administration_guide.txt,redhat_rhel7_storage_administration_guide.txt_chunk_0116,350
redhat_rhel7_storage_administration_guide.txt,redhat_rhel7_storage_administration_guide.txt_chunk_0117,350
redhat_rhel7_storage_administration_guide.txt,redhat_rhel7_storage_administration_guide.txt_chunk_0118,350
redhat_rhel7_storage_administration_guide.txt,redhat_rhel7_storage_administration_guide.txt_chunk_0119,350
redhat_rhel7_storage_administration_guide.txt,redhat_rhel7_storage_administration_guide.txt_chunk_0120,350
redhat_rhel7_storage_administration_guide.txt,redhat_rhel7_storage_administration_guide.txt_chunk_0121,350
redhat_rhel7_storage_administration_guide.txt,redhat_rhel7_storage_administration_guide.txt_chunk_0122,350
redhat_rhel7_storage_administration_guide.txt,redhat_rhel7_storage_administration_guide.txt_chunk_0123,350
redhat_rhel7_storage_administration_guide.txt,redhat_rhel7_storage_administration_guide.txt_chunk_0124,350
redhat_rhel7_storage_administration_guide.txt,redhat_rhel7_storage_administration_guide.txt_chunk_0125,350
redhat_rhel7_storage_administration_guide.txt,redhat_rhel7_storage_administration_guide.txt_chunk_0126,350
redhat_rhel7_storage_administration_guide.txt,redhat_rhel7_storage_administration_guide.txt_chunk_0127,350
redhat_rhel7_storage_administration_guide.txt,redhat_rhel7_storage_administration_guide.txt_chunk_0128,350
redhat_rhel7_storage_administration_guide.txt,redhat_rhel7_storage_administration_guide.txt_chunk_0129,350
redhat_rhel7_storage_administration_guide.txt,redhat_rhel7_storage_administration_guide.txt_chunk_0130,350
redhat_rhel7_storage_administration_guide.txt,redhat_rhel7_storage_administration_guide.txt_chunk_0131,350
redhat_rhel7_storage_administration_guide.txt,redhat_rhel7_storage_administration_guide.txt_chunk_0132,350
redhat_rhel7_storage_administration_guide.txt,redhat_rhel7_storage_administration_guide.txt_chunk_0133,350
redhat_rhel7_storage_administration_guide.txt,redhat_rhel7_storage_administration_guide.txt_chunk_0134,350
redhat_rhel7_storage_administration_guide.txt,redhat_rhel7_storage_administration_guide.txt_chunk_0135,350
redhat_rhel7_storage_administration_guide.txt,redhat_rhel7_storage_administration_guide.txt_chunk_0136,350
redhat_rhel7_storage_administration_guide.txt,redhat_rhel7_storage_administration_guide.txt_chunk_0137,350
redhat_rhel7_storage_administration_guide.txt,redhat_rhel7_storage_administration_guide.txt_chunk_0138,350
redhat_rhel7_storage_administration_guide.txt,redhat_rhel7_storage_administration_guide.txt_chunk_0139,350
redhat_rhel7_storage_administration_guide.txt,redhat_rhel7_storage_administration_guide.txt_chunk_0140,350
redhat_rhel7_storage_administration_guide.txt,redhat_rhel7_storage_administration_guide.txt_chunk_0141,350
redhat_rhel7_storage_administration_guide.txt,redhat_rhel7_storage_administration_guide.txt_chunk_0142,350
redhat_rhel7_storage_administration_guide.txt,redhat_rhel7_storage_administration_guide.txt_chunk_0143,350
redhat_rhel7_storage_administration_guide.txt,redhat_rhel7_storage_administration_guide.txt_chunk_0144,350
redhat_rhel7_storage_administration_guide.txt,redhat_rhel7_storage_administration_guide.txt_chunk_0145,350
redhat_rhel7_storage_administration_guide.txt,redhat_rhel7_storage_administration_guide.txt_chunk_0146,350
redhat_rhel7_storage_administration_guide.txt,redhat_rhel7_storage_administration_guide.txt_chunk_0147,350
redhat_rhel7_storage_administration_guide.txt,redhat_rhel7_storage_administration_guide.txt_chunk_0148,350
redhat_rhel7_storage_administration_guide.txt,redhat_rhel7_storage_administration_guide.txt_chunk_0149,350
redhat_rhel7_storage_administration_guide.txt,redhat_rhel7_storage_administration_guide.txt_chunk_0150,350
redhat_rhel7_storage_administration_guide.txt,redhat_rhel7_storage_administration_guide.txt_chunk_0151,350
redhat_rhel7_storage_administration_guide.txt,redhat_rhel7_storage_administration_guide.txt_chunk_0152,350
redhat_rhel7_storage_administration_guide.txt,redhat_rhel7_storage_administration_guide.txt_chunk_0153,350
redhat_rhel7_storage_administration_guide.txt,redhat_rhel7_storage_administration_guide.txt_chunk_0154,350
redhat_rhel7_storage_administration_guide.txt,redhat_rhel7_storage_administration_guide.txt_chunk_0155,350
redhat_rhel7_storage_administration_guide.txt,redhat_rhel7_storage_administration_guide.txt_chunk_0156,350
redhat_rhel7_storage_administration_guide.txt,redhat_rhel7_storage_administration_guide.txt_chunk_0157,350
redhat_rhel7_storage_administration_guide.txt,redhat_rhel7_storage_administration_guide.txt_chunk_0158,350
redhat_rhel7_storage_administration_guide.txt,redhat_rhel7_storage_administration_guide.txt_chunk_0159,350
redhat_rhel7_storage_administration_guide.txt,redhat_rhel7_storage_administration_guide.txt_chunk_0160,350
redhat_rhel7_storage_administration_guide.txt,redhat_rhel7_storage_administration_guide.txt_chunk_0161,350
redhat_rhel7_storage_administration_guide.txt,redhat_rhel7_storage_administration_guide.txt_chunk_0162,350
redhat_rhel7_storage_administration_guide.txt,redhat_rhel7_storage_administration_guide.txt_chunk_0163,350
redhat_rhel7_storage_administration_guide.txt,redhat_rhel7_storage_administration_guide.txt_chunk_0164,350
redhat_rhel7_storage_administration_guide.txt,redhat_rhel7_storage_administration_guide.txt_chunk_0165,350
redhat_rhel7_storage_administration_guide.txt,redhat_rhel7_storage_administration_guide.txt_chunk_0166,350
redhat_rhel7_storage_administration_guide.txt,redhat_rhel7_storage_administration_guide.txt_chunk_0167,350
redhat_rhel7_storage_administration_guide.txt,redhat_rhel7_storage_administration_guide.txt_chunk_0168,350
redhat_rhel7_storage_administration_guide.txt,redhat_rhel7_storage_administration_guide.txt_chunk_0169,350
redhat_rhel7_storage_administration_guide.txt,redhat_rhel7_storage_administration_guide.txt_chunk_0170,350
redhat_rhel7_storage_administration_guide.txt,redhat_rhel7_storage_administration_guide.txt_chunk_0171,350
redhat_rhel7_storage_administration_guide.txt,redhat_rhel7_storage_administration_guide.txt_chunk_0172,350
redhat_rhel7_storage_administration_guide.txt,redhat_rhel7_storage_administration_guide.txt_chunk_0173,350
redhat_rhel7_storage_administration_guide.txt,redhat_rhel7_storage_administration_guide.txt_chunk_0174,350
redhat_rhel7_storage_administration_guide.txt,redhat_rhel7_storage_administration_guide.txt_chunk_0175,350
redhat_rhel7_storage_administration_guide.txt,redhat_rhel7_storage_administration_guide.txt_chunk_0176,350
redhat_rhel7_storage_administration_guide.txt,redhat_rhel7_storage_administration_guide.txt_chunk_0177,350
redhat_rhel7_storage_administration_guide.txt,redhat_rhel7_storage_administration_guide.txt_chunk_0178,350
redhat_rhel7_storage_administration_guide.txt,redhat_rhel7_storage_administration_guide.txt_chunk_0179,350
redhat_rhel7_storage_administration_guide.txt,redhat_rhel7_storage_administration_guide.txt_chunk_0180,350
redhat_rhel7_storage_administration_guide.txt,redhat_rhel7_storage_administration_guide.txt_chunk_0181,350
redhat_rhel7_storage_administration_guide.txt,redhat_rhel7_storage_administration_guide.txt_chunk_0182,350
redhat_rhel7_storage_administration_guide.txt,redhat_rhel7_storage_administration_guide.txt_chunk_0183,350
redhat_rhel7_storage_administration_guide.txt,redhat_rhel7_storage_administration_guide.txt_chunk_0184,350
redhat_rhel7_storage_administration_guide.txt,redhat_rhel7_storage_administration_guide.txt_chunk_0185,350
redhat_rhel7_storage_administration_guide.txt,redhat_rhel7_storage_administration_guide.txt_chunk_0186,350
redhat_rhel7_storage_administration_guide.txt,redhat_rhel7_storage_administration_guide.txt_chunk_0187,350
redhat_rhel7_storage_administration_guide.txt,redhat_rhel7_storage_administration_guide.txt_chunk_0188,350
redhat_rhel7_storage_administration_guide.txt,redhat_rhel7_storage_administration_guide.txt_chunk_0189,350
redhat_rhel7_storage_administration_guide.txt,redhat_rhel7_storage_administration_guide.txt_chunk_0190,350
redhat_rhel7_storage_administration_guide.txt,redhat_rhel7_storage_administration_guide.txt_chunk_0191,350
redhat_rhel7_storage_administration_guide.txt,redhat_rhel7_storage_administration_guide.txt_chunk_0192,350
redhat_rhel7_storage_administration_guide.txt,redhat_rhel7_storage_administration_guide.txt_chunk_0193,350
redhat_rhel7_storage_administration_guide.txt,redhat_rhel7_storage_administration_guide.txt_chunk_0194,350
redhat_rhel7_storage_administration_guide.txt,redhat_rhel7_storage_administration_guide.txt_chunk_0195,350
redhat_rhel7_storage_administration_guide.txt,redhat_rhel7_storage_administration_guide.txt_chunk_0196,350
redhat_rhel7_storage_administration_guide.txt,redhat_rhel7_storage_administration_guide.txt_chunk_0197,350
redhat_rhel7_storage_administration_guide.txt,redhat_rhel7_storage_administration_guide.txt_chunk_0198,350
redhat_rhel7_storage_administration_guide.txt,redhat_rhel7_storage_administration_guide.txt_chunk_0199,350
redhat_rhel7_storage_administration_guide.txt,redhat_rhel7_storage_administration_guide.txt_chunk_0200,350
redhat_rhel7_storage_administration_guide.txt,redhat_rhel7_storage_administration_guide.txt_chunk_0201,350
redhat_rhel7_storage_administration_guide.txt,redhat_rhel7_storage_administration_guide.txt_chunk_0202,350
redhat_rhel7_storage_administration_guide.txt,redhat_rhel7_storage_administration_guide.txt_chunk_0203,350
redhat_rhel7_storage_administration_guide.txt,redhat_rhel7_storage_administration_guide.txt_chunk_0204,350
redhat_rhel7_storage_administration_guide.txt,redhat_rhel7_storage_administration_guide.txt_chunk_0205,350
redhat_rhel7_storage_administration_guide.txt,redhat_rhel7_storage_administration_guide.txt_chunk_0206,350
redhat_rhel7_storage_administration_guide.txt,redhat_rhel7_storage_administration_guide.txt_chunk_0207,350
redhat_rhel7_storage_administration_guide.txt,redhat_rhel7_storage_administration_guide.txt_chunk_0208,350
redhat_rhel7_storage_administration_guide.txt,redhat_rhel7_storage_administration_guide.txt_chunk_0209,350
redhat_rhel7_storage_administration_guide.txt,redhat_rhel7_storage_administration_guide.txt_chunk_0210,350
redhat_rhel7_storage_administration_guide.txt,redhat_rhel7_storage_administration_guide.txt_chunk_0211,350
redhat_rhel7_storage_administration_guide.txt,redhat_rhel7_storage_administration_guide.txt_chunk_0212,350
redhat_rhel7_storage_administration_guide.txt,redhat_rhel7_storage_administration_guide.txt_chunk_0213,350
redhat_rhel7_storage_administration_guide.txt,redhat_rhel7_storage_administration_guide.txt_chunk_0214,350
redhat_rhel7_storage_administration_guide.txt,redhat_rhel7_storage_administration_guide.txt_chunk_0215,350
redhat_rhel7_storage_administration_guide.txt,redhat_rhel7_storage_administration_guide.txt_chunk_0216,350
redhat_rhel7_storage_administration_guide.txt,redhat_rhel7_storage_administration_guide.txt_chunk_0217,350
redhat_rhel7_storage_administration_guide.txt,redhat_rhel7_storage_administration_guide.txt_chunk_0218,350
redhat_rhel7_storage_administration_guide.txt,redhat_rhel7_storage_administration_guide.txt_chunk_0219,350
redhat_rhel7_storage_administration_guide.txt,redhat_rhel7_storage_administration_guide.txt_chunk_0220,350
redhat_rhel7_storage_administration_guide.txt,redhat_rhel7_storage_administration_guide.txt_chunk_0221,350
redhat_rhel7_storage_administration_guide.txt,redhat_rhel7_storage_administration_guide.txt_chunk_0222,350
redhat_rhel7_storage_administration_guide.txt,redhat_rhel7_storage_administration_guide.txt_chunk_0223,350
redhat_rhel7_storage_administration_guide.txt,redhat_rhel7_storage_administration_guide.txt_chunk_0224,350
redhat_rhel7_storage_administration_guide.txt,redhat_rhel7_storage_administration_guide.txt_chunk_0225,350
redhat_rhel7_storage_administration_guide.txt,redhat_rhel7_storage_administration_guide.txt_chunk_0226,350
redhat_rhel7_storage_administration_guide.txt,redhat_rhel7_storage_administration_guide.txt_chunk_0227,350
redhat_rhel7_storage_administration_guide.txt,redhat_rhel7_storage_administration_guide.txt_chunk_0228,350
redhat_rhel7_storage_administration_guide.txt,redhat_rhel7_storage_administration_guide.txt_chunk_0229,350
redhat_rhel7_storage_administration_guide.txt,redhat_rhel7_storage_administration_guide.txt_chunk_0230,350
redhat_rhel7_storage_administration_guide.txt,redhat_rhel7_storage_administration_guide.txt_chunk_0231,350
redhat_rhel7_storage_administration_guide.txt,redhat_rhel7_storage_administration_guide.txt_chunk_0232,350
redhat_rhel7_storage_administration_guide.txt,redhat_rhel7_storage_administration_guide.txt_chunk_0233,350
redhat_rhel7_storage_administration_guide.txt,redhat_rhel7_storage_administration_guide.txt_chunk_0234,350
redhat_rhel7_storage_administration_guide.txt,redhat_rhel7_storage_administration_guide.txt_chunk_0235,350
redhat_rhel7_storage_administration_guide.txt,redhat_rhel7_storage_administration_guide.txt_chunk_0236,350
redhat_rhel7_storage_administration_guide.txt,redhat_rhel7_storage_administration_guide.txt_chunk_0237,350
redhat_rhel7_storage_administration_guide.txt,redhat_rhel7_storage_administration_guide.txt_chunk_0238,350
redhat_rhel7_storage_administration_guide.txt,redhat_rhel7_storage_administration_guide.txt_chunk_0239,350
redhat_rhel7_storage_administration_guide.txt,redhat_rhel7_storage_administration_guide.txt_chunk_0240,350
redhat_rhel7_storage_administration_guide.txt,redhat_rhel7_storage_administration_guide.txt_chunk_0241,350
redhat_rhel7_storage_administration_guide.txt,redhat_rhel7_storage_administration_guide.txt_chunk_0242,350
redhat_rhel7_storage_administration_guide.txt,redhat_rhel7_storage_administration_guide.txt_chunk_0243,350
redhat_rhel7_storage_administration_guide.txt,redhat_rhel7_storage_administration_guide.txt_chunk_0244,350
redhat_rhel7_storage_administration_guide.txt,redhat_rhel7_storage_administration_guide.txt_chunk_0245,350
redhat_rhel7_storage_administration_guide.txt,redhat_rhel7_storage_administration_guide.txt_chunk_0246,350
redhat_rhel7_storage_administration_guide.txt,redhat_rhel7_storage_administration_guide.txt_chunk_0247,350
redhat_rhel7_storage_administration_guide.txt,redhat_rhel7_storage_administration_guide.txt_chunk_0248,350
redhat_rhel7_storage_administration_guide.txt,redhat_rhel7_storage_administration_guide.txt_chunk_0249,350
redhat_rhel7_storage_administration_guide.txt,redhat_rhel7_storage_administration_guide.txt_chunk_0250,350
redhat_rhel7_storage_administration_guide.txt,redhat_rhel7_storage_administration_guide.txt_chunk_0251,350
redhat_rhel7_storage_administration_guide.txt,redhat_rhel7_storage_administration_guide.txt_chunk_0252,350
redhat_rhel7_storage_administration_guide.txt,redhat_rhel7_storage_administration_guide.txt_chunk_0253,350
redhat_rhel7_storage_administration_guide.txt,redhat_rhel7_storage_administration_guide.txt_chunk_0254,350
redhat_rhel7_storage_administration_guide.txt,redhat_rhel7_storage_administration_guide.txt_chunk_0255,350
redhat_rhel7_storage_administration_guide.txt,redhat_rhel7_storage_administration_guide.txt_chunk_0256,350
redhat_rhel7_storage_administration_guide.txt,redhat_rhel7_storage_administration_guide.txt_chunk_0257,350
redhat_rhel7_storage_administration_guide.txt,redhat_rhel7_storage_administration_guide.txt_chunk_0258,350
redhat_rhel7_storage_administration_guide.txt,redhat_rhel7_storage_administration_guide.txt_chunk_0259,350
redhat_rhel7_storage_administration_guide.txt,redhat_rhel7_storage_administration_guide.txt_chunk_0260,350
redhat_rhel7_storage_administration_guide.txt,redhat_rhel7_storage_administration_guide.txt_chunk_0261,350
redhat_rhel7_storage_administration_guide.txt,redhat_rhel7_storage_administration_guide.txt_chunk_0262,350
redhat_rhel7_storage_administration_guide.txt,redhat_rhel7_storage_administration_guide.txt_chunk_0263,350
redhat_rhel7_storage_administration_guide.txt,redhat_rhel7_storage_administration_guide.txt_chunk_0264,350
redhat_rhel7_storage_administration_guide.txt,redhat_rhel7_storage_administration_guide.txt_chunk_0265,350
redhat_rhel7_storage_administration_guide.txt,redhat_rhel7_storage_administration_guide.txt_chunk_0266,350
redhat_rhel7_storage_administration_guide.txt,redhat_rhel7_storage_administration_guide.txt_chunk_0267,350
redhat_rhel7_storage_administration_guide.txt,redhat_rhel7_storage_administration_guide.txt_chunk_0268,350
redhat_rhel7_storage_administration_guide.txt,redhat_rhel7_storage_administration_guide.txt_chunk_0269,350
redhat_rhel7_storage_administration_guide.txt,redhat_rhel7_storage_administration_guide.txt_chunk_0270,350
redhat_rhel7_storage_administration_guide.txt,redhat_rhel7_storage_administration_guide.txt_chunk_0271,350
redhat_rhel7_storage_administration_guide.txt,redhat_rhel7_storage_administration_guide.txt_chunk_0272,350
redhat_rhel7_storage_administration_guide.txt,redhat_rhel7_storage_administration_guide.txt_chunk_0273,350
redhat_rhel7_storage_administration_guide.txt,redhat_rhel7_storage_administration_guide.txt_chunk_0274,350
redhat_rhel7_storage_administration_guide.txt,redhat_rhel7_storage_administration_guide.txt_chunk_0275,350
redhat_rhel7_storage_administration_guide.txt,redhat_rhel7_storage_administration_guide.txt_chunk_0276,350
redhat_rhel7_storage_administration_guide.txt,redhat_rhel7_storage_administration_guide.txt_chunk_0277,350
redhat_rhel7_storage_administration_guide.txt,redhat_rhel7_storage_administration_guide.txt_chunk_0278,350
redhat_rhel7_storage_administration_guide.txt,redhat_rhel7_storage_administration_guide.txt_chunk_0279,350
redhat_rhel7_storage_administration_guide.txt,redhat_rhel7_storage_administration_guide.txt_chunk_0280,350
redhat_rhel7_storage_administration_guide.txt,redhat_rhel7_storage_administration_guide.txt_chunk_0281,350
redhat_rhel7_storage_administration_guide.txt,redhat_rhel7_storage_administration_guide.txt_chunk_0282,350
redhat_rhel7_storage_administration_guide.txt,redhat_rhel7_storage_administration_guide.txt_chunk_0283,350
redhat_rhel7_storage_administration_guide.txt,redhat_rhel7_storage_administration_guide.txt_chunk_0284,350
redhat_rhel7_storage_administration_guide.txt,redhat_rhel7_storage_administration_guide.txt_chunk_0285,350
redhat_rhel7_storage_administration_guide.txt,redhat_rhel7_storage_administration_guide.txt_chunk_0286,350
redhat_rhel7_storage_administration_guide.txt,redhat_rhel7_storage_administration_guide.txt_chunk_0287,350
redhat_rhel7_storage_administration_guide.txt,redhat_rhel7_storage_administration_guide.txt_chunk_0288,350
redhat_rhel7_storage_administration_guide.txt,redhat_rhel7_storage_administration_guide.txt_chunk_0289,350
redhat_rhel7_storage_administration_guide.txt,redhat_rhel7_storage_administration_guide.txt_chunk_0290,350
redhat_rhel7_storage_administration_guide.txt,redhat_rhel7_storage_administration_guide.txt_chunk_0291,350
redhat_rhel7_storage_administration_guide.txt,redhat_rhel7_storage_administration_guide.txt_chunk_0292,350
redhat_rhel7_storage_administration_guide.txt,redhat_rhel7_storage_administration_guide.txt_chunk_0293,350
redhat_rhel7_storage_administration_guide.txt,redhat_rhel7_storage_administration_guide.txt_chunk_0294,350
redhat_rhel7_storage_administration_guide.txt,redhat_rhel7_storage_administration_guide.txt_chunk_0295,350
redhat_rhel7_storage_administration_guide.txt,redhat_rhel7_storage_administration_guide.txt_chunk_0296,350
redhat_rhel7_storage_administration_guide.txt,redhat_rhel7_storage_administration_guide.txt_chunk_0297,350
redhat_rhel7_storage_administration_guide.txt,redhat_rhel7_storage_administration_guide.txt_chunk_0298,350
redhat_rhel7_storage_administration_guide.txt,redhat_rhel7_storage_administration_guide.txt_chunk_0299,350
redhat_rhel7_storage_administration_guide.txt,redhat_rhel7_storage_administration_guide.txt_chunk_0300,350
redhat_rhel7_storage_administration_guide.txt,redhat_rhel7_storage_administration_guide.txt_chunk_0301,350
redhat_rhel7_storage_administration_guide.txt,redhat_rhel7_storage_administration_guide.txt_chunk_0302,350
redhat_rhel7_storage_administration_guide.txt,redhat_rhel7_storage_administration_guide.txt_chunk_0303,350
redhat_rhel7_storage_administration_guide.txt,redhat_rhel7_storage_administration_guide.txt_chunk_0304,350
redhat_rhel7_storage_administration_guide.txt,redhat_rhel7_storage_administration_guide.txt_chunk_0305,350
redhat_rhel7_storage_administration_guide.txt,redhat_rhel7_storage_administration_guide.txt_chunk_0306,350
redhat_rhel7_storage_administration_guide.txt,redhat_rhel7_storage_administration_guide.txt_chunk_0307,350
redhat_rhel7_storage_administration_guide.txt,redhat_rhel7_storage_administration_guide.txt_chunk_0308,350
redhat_rhel7_storage_administration_guide.txt,redhat_rhel7_storage_administration_guide.txt_chunk_0309,350
redhat_rhel7_storage_administration_guide.txt,redhat_rhel7_storage_administration_guide.txt_chunk_0310,350
redhat_rhel7_storage_administration_guide.txt,redhat_rhel7_storage_administration_guide.txt_chunk_0311,350
redhat_rhel7_storage_administration_guide.txt,redhat_rhel7_storage_administration_guide.txt_chunk_0312,350
redhat_rhel7_storage_administration_guide.txt,redhat_rhel7_storage_administration_guide.txt_chunk_0313,350
redhat_rhel7_storage_administration_guide.txt,redhat_rhel7_storage_administration_guide.txt_chunk_0314,350
redhat_rhel7_storage_administration_guide.txt,redhat_rhel7_storage_administration_guide.txt_chunk_0315,350
redhat_rhel7_storage_administration_guide.txt,redhat_rhel7_storage_administration_guide.txt_chunk_0316,350
redhat_rhel7_storage_administration_guide.txt,redhat_rhel7_storage_administration_guide.txt_chunk_0317,350
redhat_rhel7_storage_administration_guide.txt,redhat_rhel7_storage_administration_guide.txt_chunk_0318,350
redhat_rhel7_storage_administration_guide.txt,redhat_rhel7_storage_administration_guide.txt_chunk_0319,350
redhat_rhel7_storage_administration_guide.txt,redhat_rhel7_storage_administration_guide.txt_chunk_0320,350
redhat_rhel7_storage_administration_guide.txt,redhat_rhel7_storage_administration_guide.txt_chunk_0321,350
redhat_rhel7_storage_administration_guide.txt,redhat_rhel7_storage_administration_guide.txt_chunk_0322,350
redhat_rhel7_storage_administration_guide.txt,redhat_rhel7_storage_administration_guide.txt_chunk_0323,350
redhat_rhel7_storage_administration_guide.txt,redhat_rhel7_storage_administration_guide.txt_chunk_0324,350
redhat_rhel7_storage_administration_guide.txt,redhat_rhel7_storage_administration_guide.txt_chunk_0325,350
redhat_rhel7_storage_administration_guide.txt,redhat_rhel7_storage_administration_guide.txt_chunk_0326,350
redhat_rhel7_storage_administration_guide.txt,redhat_rhel7_storage_administration_guide.txt_chunk_0327,350
redhat_rhel7_storage_administration_guide.txt,redhat_rhel7_storage_administration_guide.txt_chunk_0328,350
redhat_rhel7_storage_administration_guide.txt,redhat_rhel7_storage_administration_guide.txt_chunk_0329,350
redhat_rhel7_storage_administration_guide.txt,redhat_rhel7_storage_administration_guide.txt_chunk_0330,350
redhat_rhel7_storage_administration_guide.txt,redhat_rhel7_storage_administration_guide.txt_chunk_0331,350
redhat_rhel7_storage_administration_guide.txt,redhat_rhel7_storage_administration_guide.txt_chunk_0332,350
redhat_rhel7_storage_administration_guide.txt,redhat_rhel7_storage_administration_guide.txt_chunk_0333,350
redhat_rhel7_storage_administration_guide.txt,redhat_rhel7_storage_administration_guide.txt_chunk_0334,350
redhat_rhel7_storage_administration_guide.txt,redhat_rhel7_storage_administration_guide.txt_chunk_0335,350
redhat_rhel7_storage_administration_guide.txt,redhat_rhel7_storage_administration_guide.txt_chunk_0336,350
redhat_rhel7_storage_administration_guide.txt,redhat_rhel7_storage_administration_guide.txt_chunk_0337,350
redhat_rhel7_storage_administration_guide.txt,redhat_rhel7_storage_administration_guide.txt_chunk_0338,350
redhat_rhel7_storage_administration_guide.txt,redhat_rhel7_storage_administration_guide.txt_chunk_0339,350
redhat_rhel7_storage_administration_guide.txt,redhat_rhel7_storage_administration_guide.txt_chunk_0340,350
redhat_rhel7_storage_administration_guide.txt,redhat_rhel7_storage_administration_guide.txt_chunk_0341,350
redhat_rhel7_storage_administration_guide.txt,redhat_rhel7_storage_administration_guide.txt_chunk_0342,350
redhat_rhel7_storage_administration_guide.txt,redhat_rhel7_storage_administration_guide.txt_chunk_0343,350
redhat_rhel7_storage_administration_guide.txt,redhat_rhel7_storage_administration_guide.txt_chunk_0344,350
redhat_rhel7_storage_administration_guide.txt,redhat_rhel7_storage_administration_guide.txt_chunk_0345,350
redhat_rhel7_storage_administration_guide.txt,redhat_rhel7_storage_administration_guide.txt_chunk_0346,350
redhat_rhel7_storage_administration_guide.txt,redhat_rhel7_storage_administration_guide.txt_chunk_0347,350
redhat_rhel7_storage_administration_guide.txt,redhat_rhel7_storage_administration_guide.txt_chunk_0348,350
redhat_rhel7_storage_administration_guide.txt,redhat_rhel7_storage_administration_guide.txt_chunk_0349,350
redhat_rhel7_storage_administration_guide.txt,redhat_rhel7_storage_administration_guide.txt_chunk_0350,350
redhat_rhel7_storage_administration_guide.txt,redhat_rhel7_storage_administration_guide.txt_chunk_0351,350
redhat_rhel7_storage_administration_guide.txt,redhat_rhel7_storage_administration_guide.txt_chunk_0352,350
redhat_rhel7_storage_administration_guide.txt,redhat_rhel7_storage_administration_guide.txt_chunk_0353,350
redhat_rhel7_storage_administration_guide.txt,redhat_rhel7_storage_administration_guide.txt_chunk_0354,350
redhat_rhel7_storage_administration_guide.txt,redhat_rhel7_storage_administration_guide.txt_chunk_0355,350
redhat_rhel7_storage_administration_guide.txt,redhat_rhel7_storage_administration_guide.txt_chunk_0356,350
redhat_rhel7_storage_administration_guide.txt,redhat_rhel7_storage_administration_guide.txt_chunk_0357,350
redhat_rhel7_storage_administration_guide.txt,redhat_rhel7_storage_administration_guide.txt_chunk_0358,350
redhat_rhel7_storage_administration_guide.txt,redhat_rhel7_storage_administration_guide.txt_chunk_0359,350
redhat_rhel7_storage_administration_guide.txt,redhat_rhel7_storage_administration_guide.txt_chunk_0360,350
redhat_rhel7_storage_administration_guide.txt,redhat_rhel7_storage_administration_guide.txt_chunk_0361,350
redhat_rhel7_storage_administration_guide.txt,redhat_rhel7_storage_administration_guide.txt_chunk_0362,350
redhat_rhel7_storage_administration_guide.txt,redhat_rhel7_storage_administration_guide.txt_chunk_0363,350
redhat_rhel7_storage_administration_guide.txt,redhat_rhel7_storage_administration_guide.txt_chunk_0364,350
redhat_rhel7_storage_administration_guide.txt,redhat_rhel7_storage_administration_guide.txt_chunk_0365,350
redhat_rhel7_storage_administration_guide.txt,redhat_rhel7_storage_administration_guide.txt_chunk_0366,350
redhat_rhel7_storage_administration_guide.txt,redhat_rhel7_storage_administration_guide.txt_chunk_0367,350
redhat_rhel7_storage_administration_guide.txt,redhat_rhel7_storage_administration_guide.txt_chunk_0368,350
redhat_rhel7_storage_administration_guide.txt,redhat_rhel7_storage_administration_guide.txt_chunk_0369,323
redhat_rhel7_system_administrators_guide.txt,redhat_rhel7_system_administrators_guide.txt_chunk_0001,350
redhat_rhel7_system_administrators_guide.txt,redhat_rhel7_system_administrators_guide.txt_chunk_0002,350
redhat_rhel7_system_administrators_guide.txt,redhat_rhel7_system_administrators_guide.txt_chunk_0003,350
redhat_rhel7_system_administrators_guide.txt,redhat_rhel7_system_administrators_guide.txt_chunk_0004,350
redhat_rhel7_system_administrators_guide.txt,redhat_rhel7_system_administrators_guide.txt_chunk_0005,350
redhat_rhel7_system_administrators_guide.txt,redhat_rhel7_system_administrators_guide.txt_chunk_0006,350
redhat_rhel7_system_administrators_guide.txt,redhat_rhel7_system_administrators_guide.txt_chunk_0007,350
redhat_rhel7_system_administrators_guide.txt,redhat_rhel7_system_administrators_guide.txt_chunk_0008,350
redhat_rhel7_system_administrators_guide.txt,redhat_rhel7_system_administrators_guide.txt_chunk_0009,350
redhat_rhel7_system_administrators_guide.txt,redhat_rhel7_system_administrators_guide.txt_chunk_0010,350
redhat_rhel7_system_administrators_guide.txt,redhat_rhel7_system_administrators_guide.txt_chunk_0011,350
redhat_rhel7_system_administrators_guide.txt,redhat_rhel7_system_administrators_guide.txt_chunk_0012,350
redhat_rhel7_system_administrators_guide.txt,redhat_rhel7_system_administrators_guide.txt_chunk_0013,350
redhat_rhel7_system_administrators_guide.txt,redhat_rhel7_system_administrators_guide.txt_chunk_0014,350
redhat_rhel7_system_administrators_guide.txt,redhat_rhel7_system_administrators_guide.txt_chunk_0015,350
redhat_rhel7_system_administrators_guide.txt,redhat_rhel7_system_administrators_guide.txt_chunk_0016,350
redhat_rhel7_system_administrators_guide.txt,redhat_rhel7_system_administrators_guide.txt_chunk_0017,350
redhat_rhel7_system_administrators_guide.txt,redhat_rhel7_system_administrators_guide.txt_chunk_0018,350
redhat_rhel7_system_administrators_guide.txt,redhat_rhel7_system_administrators_guide.txt_chunk_0019,350
redhat_rhel7_system_administrators_guide.txt,redhat_rhel7_system_administrators_guide.txt_chunk_0020,350
redhat_rhel7_system_administrators_guide.txt,redhat_rhel7_system_administrators_guide.txt_chunk_0021,350
redhat_rhel7_system_administrators_guide.txt,redhat_rhel7_system_administrators_guide.txt_chunk_0022,350
redhat_rhel7_system_administrators_guide.txt,redhat_rhel7_system_administrators_guide.txt_chunk_0023,350
redhat_rhel7_system_administrators_guide.txt,redhat_rhel7_system_administrators_guide.txt_chunk_0024,350
redhat_rhel7_system_administrators_guide.txt,redhat_rhel7_system_administrators_guide.txt_chunk_0025,350
redhat_rhel7_system_administrators_guide.txt,redhat_rhel7_system_administrators_guide.txt_chunk_0026,350
redhat_rhel7_system_administrators_guide.txt,redhat_rhel7_system_administrators_guide.txt_chunk_0027,350
redhat_rhel7_system_administrators_guide.txt,redhat_rhel7_system_administrators_guide.txt_chunk_0028,350
redhat_rhel7_system_administrators_guide.txt,redhat_rhel7_system_administrators_guide.txt_chunk_0029,350
redhat_rhel7_system_administrators_guide.txt,redhat_rhel7_system_administrators_guide.txt_chunk_0030,350
redhat_rhel7_system_administrators_guide.txt,redhat_rhel7_system_administrators_guide.txt_chunk_0031,350
redhat_rhel7_system_administrators_guide.txt,redhat_rhel7_system_administrators_guide.txt_chunk_0032,350
redhat_rhel7_system_administrators_guide.txt,redhat_rhel7_system_administrators_guide.txt_chunk_0033,350
redhat_rhel7_system_administrators_guide.txt,redhat_rhel7_system_administrators_guide.txt_chunk_0034,350
redhat_rhel7_system_administrators_guide.txt,redhat_rhel7_system_administrators_guide.txt_chunk_0035,350
redhat_rhel7_system_administrators_guide.txt,redhat_rhel7_system_administrators_guide.txt_chunk_0036,350
redhat_rhel7_system_administrators_guide.txt,redhat_rhel7_system_administrators_guide.txt_chunk_0037,350
redhat_rhel7_system_administrators_guide.txt,redhat_rhel7_system_administrators_guide.txt_chunk_0038,350
redhat_rhel7_system_administrators_guide.txt,redhat_rhel7_system_administrators_guide.txt_chunk_0039,350
redhat_rhel7_system_administrators_guide.txt,redhat_rhel7_system_administrators_guide.txt_chunk_0040,350
redhat_rhel7_system_administrators_guide.txt,redhat_rhel7_system_administrators_guide.txt_chunk_0041,350
redhat_rhel7_system_administrators_guide.txt,redhat_rhel7_system_administrators_guide.txt_chunk_0042,350
redhat_rhel7_system_administrators_guide.txt,redhat_rhel7_system_administrators_guide.txt_chunk_0043,350
redhat_rhel7_system_administrators_guide.txt,redhat_rhel7_system_administrators_guide.txt_chunk_0044,350
redhat_rhel7_system_administrators_guide.txt,redhat_rhel7_system_administrators_guide.txt_chunk_0045,350
redhat_rhel7_system_administrators_guide.txt,redhat_rhel7_system_administrators_guide.txt_chunk_0046,350
redhat_rhel7_system_administrators_guide.txt,redhat_rhel7_system_administrators_guide.txt_chunk_0047,350
redhat_rhel7_system_administrators_guide.txt,redhat_rhel7_system_administrators_guide.txt_chunk_0048,350
redhat_rhel7_system_administrators_guide.txt,redhat_rhel7_system_administrators_guide.txt_chunk_0049,350
redhat_rhel7_system_administrators_guide.txt,redhat_rhel7_system_administrators_guide.txt_chunk_0050,350
redhat_rhel7_system_administrators_guide.txt,redhat_rhel7_system_administrators_guide.txt_chunk_0051,350
redhat_rhel7_system_administrators_guide.txt,redhat_rhel7_system_administrators_guide.txt_chunk_0052,350
redhat_rhel7_system_administrators_guide.txt,redhat_rhel7_system_administrators_guide.txt_chunk_0053,350
redhat_rhel7_system_administrators_guide.txt,redhat_rhel7_system_administrators_guide.txt_chunk_0054,350
redhat_rhel7_system_administrators_guide.txt,redhat_rhel7_system_administrators_guide.txt_chunk_0055,350
redhat_rhel7_system_administrators_guide.txt,redhat_rhel7_system_administrators_guide.txt_chunk_0056,350
redhat_rhel7_system_administrators_guide.txt,redhat_rhel7_system_administrators_guide.txt_chunk_0057,350
redhat_rhel7_system_administrators_guide.txt,redhat_rhel7_system_administrators_guide.txt_chunk_0058,350
redhat_rhel7_system_administrators_guide.txt,redhat_rhel7_system_administrators_guide.txt_chunk_0059,350
redhat_rhel7_system_administrators_guide.txt,redhat_rhel7_system_administrators_guide.txt_chunk_0060,350
redhat_rhel7_system_administrators_guide.txt,redhat_rhel7_system_administrators_guide.txt_chunk_0061,350
redhat_rhel7_system_administrators_guide.txt,redhat_rhel7_system_administrators_guide.txt_chunk_0062,350
redhat_rhel7_system_administrators_guide.txt,redhat_rhel7_system_administrators_guide.txt_chunk_0063,350
redhat_rhel7_system_administrators_guide.txt,redhat_rhel7_system_administrators_guide.txt_chunk_0064,350
redhat_rhel7_system_administrators_guide.txt,redhat_rhel7_system_administrators_guide.txt_chunk_0065,350
redhat_rhel7_system_administrators_guide.txt,redhat_rhel7_system_administrators_guide.txt_chunk_0066,350
redhat_rhel7_system_administrators_guide.txt,redhat_rhel7_system_administrators_guide.txt_chunk_0067,350
redhat_rhel7_system_administrators_guide.txt,redhat_rhel7_system_administrators_guide.txt_chunk_0068,350
redhat_rhel7_system_administrators_guide.txt,redhat_rhel7_system_administrators_guide.txt_chunk_0069,350
redhat_rhel7_system_administrators_guide.txt,redhat_rhel7_system_administrators_guide.txt_chunk_0070,350
redhat_rhel7_system_administrators_guide.txt,redhat_rhel7_system_administrators_guide.txt_chunk_0071,350
redhat_rhel7_system_administrators_guide.txt,redhat_rhel7_system_administrators_guide.txt_chunk_0072,350
redhat_rhel7_system_administrators_guide.txt,redhat_rhel7_system_administrators_guide.txt_chunk_0073,350
redhat_rhel7_system_administrators_guide.txt,redhat_rhel7_system_administrators_guide.txt_chunk_0074,350
redhat_rhel7_system_administrators_guide.txt,redhat_rhel7_system_administrators_guide.txt_chunk_0075,350
redhat_rhel7_system_administrators_guide.txt,redhat_rhel7_system_administrators_guide.txt_chunk_0076,350
redhat_rhel7_system_administrators_guide.txt,redhat_rhel7_system_administrators_guide.txt_chunk_0077,350
redhat_rhel7_system_administrators_guide.txt,redhat_rhel7_system_administrators_guide.txt_chunk_0078,350
redhat_rhel7_system_administrators_guide.txt,redhat_rhel7_system_administrators_guide.txt_chunk_0079,350
redhat_rhel7_system_administrators_guide.txt,redhat_rhel7_system_administrators_guide.txt_chunk_0080,350
redhat_rhel7_system_administrators_guide.txt,redhat_rhel7_system_administrators_guide.txt_chunk_0081,350
redhat_rhel7_system_administrators_guide.txt,redhat_rhel7_system_administrators_guide.txt_chunk_0082,350
redhat_rhel7_system_administrators_guide.txt,redhat_rhel7_system_administrators_guide.txt_chunk_0083,350
redhat_rhel7_system_administrators_guide.txt,redhat_rhel7_system_administrators_guide.txt_chunk_0084,350
redhat_rhel7_system_administrators_guide.txt,redhat_rhel7_system_administrators_guide.txt_chunk_0085,350
redhat_rhel7_system_administrators_guide.txt,redhat_rhel7_system_administrators_guide.txt_chunk_0086,350
redhat_rhel7_system_administrators_guide.txt,redhat_rhel7_system_administrators_guide.txt_chunk_0087,350
redhat_rhel7_system_administrators_guide.txt,redhat_rhel7_system_administrators_guide.txt_chunk_0088,350
redhat_rhel7_system_administrators_guide.txt,redhat_rhel7_system_administrators_guide.txt_chunk_0089,350
redhat_rhel7_system_administrators_guide.txt,redhat_rhel7_system_administrators_guide.txt_chunk_0090,350
redhat_rhel7_system_administrators_guide.txt,redhat_rhel7_system_administrators_guide.txt_chunk_0091,350
redhat_rhel7_system_administrators_guide.txt,redhat_rhel7_system_administrators_guide.txt_chunk_0092,350
redhat_rhel7_system_administrators_guide.txt,redhat_rhel7_system_administrators_guide.txt_chunk_0093,350
redhat_rhel7_system_administrators_guide.txt,redhat_rhel7_system_administrators_guide.txt_chunk_0094,350
redhat_rhel7_system_administrators_guide.txt,redhat_rhel7_system_administrators_guide.txt_chunk_0095,350
redhat_rhel7_system_administrators_guide.txt,redhat_rhel7_system_administrators_guide.txt_chunk_0096,350
redhat_rhel7_system_administrators_guide.txt,redhat_rhel7_system_administrators_guide.txt_chunk_0097,350
redhat_rhel7_system_administrators_guide.txt,redhat_rhel7_system_administrators_guide.txt_chunk_0098,350
redhat_rhel7_system_administrators_guide.txt,redhat_rhel7_system_administrators_guide.txt_chunk_0099,350
redhat_rhel7_system_administrators_guide.txt,redhat_rhel7_system_administrators_guide.txt_chunk_0100,350
redhat_rhel7_system_administrators_guide.txt,redhat_rhel7_system_administrators_guide.txt_chunk_0101,350
redhat_rhel7_system_administrators_guide.txt,redhat_rhel7_system_administrators_guide.txt_chunk_0102,350
redhat_rhel7_system_administrators_guide.txt,redhat_rhel7_system_administrators_guide.txt_chunk_0103,350
redhat_rhel7_system_administrators_guide.txt,redhat_rhel7_system_administrators_guide.txt_chunk_0104,350
redhat_rhel7_system_administrators_guide.txt,redhat_rhel7_system_administrators_guide.txt_chunk_0105,350
redhat_rhel7_system_administrators_guide.txt,redhat_rhel7_system_administrators_guide.txt_chunk_0106,350
redhat_rhel7_system_administrators_guide.txt,redhat_rhel7_system_administrators_guide.txt_chunk_0107,350
redhat_rhel7_system_administrators_guide.txt,redhat_rhel7_system_administrators_guide.txt_chunk_0108,350
redhat_rhel7_system_administrators_guide.txt,redhat_rhel7_system_administrators_guide.txt_chunk_0109,350
redhat_rhel7_system_administrators_guide.txt,redhat_rhel7_system_administrators_guide.txt_chunk_0110,350
redhat_rhel7_system_administrators_guide.txt,redhat_rhel7_system_administrators_guide.txt_chunk_0111,350
redhat_rhel7_system_administrators_guide.txt,redhat_rhel7_system_administrators_guide.txt_chunk_0112,350
redhat_rhel7_system_administrators_guide.txt,redhat_rhel7_system_administrators_guide.txt_chunk_0113,350
redhat_rhel7_system_administrators_guide.txt,redhat_rhel7_system_administrators_guide.txt_chunk_0114,350
redhat_rhel7_system_administrators_guide.txt,redhat_rhel7_system_administrators_guide.txt_chunk_0115,350
redhat_rhel7_system_administrators_guide.txt,redhat_rhel7_system_administrators_guide.txt_chunk_0116,350
redhat_rhel7_system_administrators_guide.txt,redhat_rhel7_system_administrators_guide.txt_chunk_0117,350
redhat_rhel7_system_administrators_guide.txt,redhat_rhel7_system_administrators_guide.txt_chunk_0118,350
redhat_rhel7_system_administrators_guide.txt,redhat_rhel7_system_administrators_guide.txt_chunk_0119,350
redhat_rhel7_system_administrators_guide.txt,redhat_rhel7_system_administrators_guide.txt_chunk_0120,350
redhat_rhel7_system_administrators_guide.txt,redhat_rhel7_system_administrators_guide.txt_chunk_0121,350
redhat_rhel7_system_administrators_guide.txt,redhat_rhel7_system_administrators_guide.txt_chunk_0122,350
redhat_rhel7_system_administrators_guide.txt,redhat_rhel7_system_administrators_guide.txt_chunk_0123,350
redhat_rhel7_system_administrators_guide.txt,redhat_rhel7_system_administrators_guide.txt_chunk_0124,350
redhat_rhel7_system_administrators_guide.txt,redhat_rhel7_system_administrators_guide.txt_chunk_0125,350
redhat_rhel7_system_administrators_guide.txt,redhat_rhel7_system_administrators_guide.txt_chunk_0126,350
redhat_rhel7_system_administrators_guide.txt,redhat_rhel7_system_administrators_guide.txt_chunk_0127,350
redhat_rhel7_system_administrators_guide.txt,redhat_rhel7_system_administrators_guide.txt_chunk_0128,350
redhat_rhel7_system_administrators_guide.txt,redhat_rhel7_system_administrators_guide.txt_chunk_0129,350
redhat_rhel7_system_administrators_guide.txt,redhat_rhel7_system_administrators_guide.txt_chunk_0130,350
redhat_rhel7_system_administrators_guide.txt,redhat_rhel7_system_administrators_guide.txt_chunk_0131,350
redhat_rhel7_system_administrators_guide.txt,redhat_rhel7_system_administrators_guide.txt_chunk_0132,350
redhat_rhel7_system_administrators_guide.txt,redhat_rhel7_system_administrators_guide.txt_chunk_0133,350
redhat_rhel7_system_administrators_guide.txt,redhat_rhel7_system_administrators_guide.txt_chunk_0134,350
redhat_rhel7_system_administrators_guide.txt,redhat_rhel7_system_administrators_guide.txt_chunk_0135,350
redhat_rhel7_system_administrators_guide.txt,redhat_rhel7_system_administrators_guide.txt_chunk_0136,350
redhat_rhel7_system_administrators_guide.txt,redhat_rhel7_system_administrators_guide.txt_chunk_0137,350
redhat_rhel7_system_administrators_guide.txt,redhat_rhel7_system_administrators_guide.txt_chunk_0138,350
redhat_rhel7_system_administrators_guide.txt,redhat_rhel7_system_administrators_guide.txt_chunk_0139,350
redhat_rhel7_system_administrators_guide.txt,redhat_rhel7_system_administrators_guide.txt_chunk_0140,350
redhat_rhel7_system_administrators_guide.txt,redhat_rhel7_system_administrators_guide.txt_chunk_0141,350
redhat_rhel7_system_administrators_guide.txt,redhat_rhel7_system_administrators_guide.txt_chunk_0142,350
redhat_rhel7_system_administrators_guide.txt,redhat_rhel7_system_administrators_guide.txt_chunk_0143,350
redhat_rhel7_system_administrators_guide.txt,redhat_rhel7_system_administrators_guide.txt_chunk_0144,350
redhat_rhel7_system_administrators_guide.txt,redhat_rhel7_system_administrators_guide.txt_chunk_0145,350
redhat_rhel7_system_administrators_guide.txt,redhat_rhel7_system_administrators_guide.txt_chunk_0146,350
redhat_rhel7_system_administrators_guide.txt,redhat_rhel7_system_administrators_guide.txt_chunk_0147,350
redhat_rhel7_system_administrators_guide.txt,redhat_rhel7_system_administrators_guide.txt_chunk_0148,350
redhat_rhel7_system_administrators_guide.txt,redhat_rhel7_system_administrators_guide.txt_chunk_0149,350
redhat_rhel7_system_administrators_guide.txt,redhat_rhel7_system_administrators_guide.txt_chunk_0150,350
redhat_rhel7_system_administrators_guide.txt,redhat_rhel7_system_administrators_guide.txt_chunk_0151,350
redhat_rhel7_system_administrators_guide.txt,redhat_rhel7_system_administrators_guide.txt_chunk_0152,350
redhat_rhel7_system_administrators_guide.txt,redhat_rhel7_system_administrators_guide.txt_chunk_0153,350
redhat_rhel7_system_administrators_guide.txt,redhat_rhel7_system_administrators_guide.txt_chunk_0154,350
redhat_rhel7_system_administrators_guide.txt,redhat_rhel7_system_administrators_guide.txt_chunk_0155,350
redhat_rhel7_system_administrators_guide.txt,redhat_rhel7_system_administrators_guide.txt_chunk_0156,350
redhat_rhel7_system_administrators_guide.txt,redhat_rhel7_system_administrators_guide.txt_chunk_0157,350
redhat_rhel7_system_administrators_guide.txt,redhat_rhel7_system_administrators_guide.txt_chunk_0158,350
redhat_rhel7_system_administrators_guide.txt,redhat_rhel7_system_administrators_guide.txt_chunk_0159,350
redhat_rhel7_system_administrators_guide.txt,redhat_rhel7_system_administrators_guide.txt_chunk_0160,350
redhat_rhel7_system_administrators_guide.txt,redhat_rhel7_system_administrators_guide.txt_chunk_0161,350
redhat_rhel7_system_administrators_guide.txt,redhat_rhel7_system_administrators_guide.txt_chunk_0162,350
redhat_rhel7_system_administrators_guide.txt,redhat_rhel7_system_administrators_guide.txt_chunk_0163,350
redhat_rhel7_system_administrators_guide.txt,redhat_rhel7_system_administrators_guide.txt_chunk_0164,350
redhat_rhel7_system_administrators_guide.txt,redhat_rhel7_system_administrators_guide.txt_chunk_0165,350
redhat_rhel7_system_administrators_guide.txt,redhat_rhel7_system_administrators_guide.txt_chunk_0166,350
redhat_rhel7_system_administrators_guide.txt,redhat_rhel7_system_administrators_guide.txt_chunk_0167,350
redhat_rhel7_system_administrators_guide.txt,redhat_rhel7_system_administrators_guide.txt_chunk_0168,350
redhat_rhel7_system_administrators_guide.txt,redhat_rhel7_system_administrators_guide.txt_chunk_0169,350
redhat_rhel7_system_administrators_guide.txt,redhat_rhel7_system_administrators_guide.txt_chunk_0170,350
redhat_rhel7_system_administrators_guide.txt,redhat_rhel7_system_administrators_guide.txt_chunk_0171,350
redhat_rhel7_system_administrators_guide.txt,redhat_rhel7_system_administrators_guide.txt_chunk_0172,350
redhat_rhel7_system_administrators_guide.txt,redhat_rhel7_system_administrators_guide.txt_chunk_0173,350
redhat_rhel7_system_administrators_guide.txt,redhat_rhel7_system_administrators_guide.txt_chunk_0174,350
redhat_rhel7_system_administrators_guide.txt,redhat_rhel7_system_administrators_guide.txt_chunk_0175,350
redhat_rhel7_system_administrators_guide.txt,redhat_rhel7_system_administrators_guide.txt_chunk_0176,350
redhat_rhel7_system_administrators_guide.txt,redhat_rhel7_system_administrators_guide.txt_chunk_0177,350
redhat_rhel7_system_administrators_guide.txt,redhat_rhel7_system_administrators_guide.txt_chunk_0178,350
redhat_rhel7_system_administrators_guide.txt,redhat_rhel7_system_administrators_guide.txt_chunk_0179,350
redhat_rhel7_system_administrators_guide.txt,redhat_rhel7_system_administrators_guide.txt_chunk_0180,350
redhat_rhel7_system_administrators_guide.txt,redhat_rhel7_system_administrators_guide.txt_chunk_0181,350
redhat_rhel7_system_administrators_guide.txt,redhat_rhel7_system_administrators_guide.txt_chunk_0182,350
redhat_rhel7_system_administrators_guide.txt,redhat_rhel7_system_administrators_guide.txt_chunk_0183,350
redhat_rhel7_system_administrators_guide.txt,redhat_rhel7_system_administrators_guide.txt_chunk_0184,350
redhat_rhel7_system_administrators_guide.txt,redhat_rhel7_system_administrators_guide.txt_chunk_0185,350
redhat_rhel7_system_administrators_guide.txt,redhat_rhel7_system_administrators_guide.txt_chunk_0186,350
redhat_rhel7_system_administrators_guide.txt,redhat_rhel7_system_administrators_guide.txt_chunk_0187,350
redhat_rhel7_system_administrators_guide.txt,redhat_rhel7_system_administrators_guide.txt_chunk_0188,350
redhat_rhel7_system_administrators_guide.txt,redhat_rhel7_system_administrators_guide.txt_chunk_0189,350
redhat_rhel7_system_administrators_guide.txt,redhat_rhel7_system_administrators_guide.txt_chunk_0190,350
redhat_rhel7_system_administrators_guide.txt,redhat_rhel7_system_administrators_guide.txt_chunk_0191,350
redhat_rhel7_system_administrators_guide.txt,redhat_rhel7_system_administrators_guide.txt_chunk_0192,350
redhat_rhel7_system_administrators_guide.txt,redhat_rhel7_system_administrators_guide.txt_chunk_0193,350
redhat_rhel7_system_administrators_guide.txt,redhat_rhel7_system_administrators_guide.txt_chunk_0194,350
redhat_rhel7_system_administrators_guide.txt,redhat_rhel7_system_administrators_guide.txt_chunk_0195,350
redhat_rhel7_system_administrators_guide.txt,redhat_rhel7_system_administrators_guide.txt_chunk_0196,350
redhat_rhel7_system_administrators_guide.txt,redhat_rhel7_system_administrators_guide.txt_chunk_0197,350
redhat_rhel7_system_administrators_guide.txt,redhat_rhel7_system_administrators_guide.txt_chunk_0198,350
redhat_rhel7_system_administrators_guide.txt,redhat_rhel7_system_administrators_guide.txt_chunk_0199,350
redhat_rhel7_system_administrators_guide.txt,redhat_rhel7_system_administrators_guide.txt_chunk_0200,350
redhat_rhel7_system_administrators_guide.txt,redhat_rhel7_system_administrators_guide.txt_chunk_0201,350
redhat_rhel7_system_administrators_guide.txt,redhat_rhel7_system_administrators_guide.txt_chunk_0202,350
redhat_rhel7_system_administrators_guide.txt,redhat_rhel7_system_administrators_guide.txt_chunk_0203,350
redhat_rhel7_system_administrators_guide.txt,redhat_rhel7_system_administrators_guide.txt_chunk_0204,350
redhat_rhel7_system_administrators_guide.txt,redhat_rhel7_system_administrators_guide.txt_chunk_0205,350
redhat_rhel7_system_administrators_guide.txt,redhat_rhel7_system_administrators_guide.txt_chunk_0206,350
redhat_rhel7_system_administrators_guide.txt,redhat_rhel7_system_administrators_guide.txt_chunk_0207,350
redhat_rhel7_system_administrators_guide.txt,redhat_rhel7_system_administrators_guide.txt_chunk_0208,350
redhat_rhel7_system_administrators_guide.txt,redhat_rhel7_system_administrators_guide.txt_chunk_0209,350
redhat_rhel7_system_administrators_guide.txt,redhat_rhel7_system_administrators_guide.txt_chunk_0210,350
redhat_rhel7_system_administrators_guide.txt,redhat_rhel7_system_administrators_guide.txt_chunk_0211,350
redhat_rhel7_system_administrators_guide.txt,redhat_rhel7_system_administrators_guide.txt_chunk_0212,350
redhat_rhel7_system_administrators_guide.txt,redhat_rhel7_system_administrators_guide.txt_chunk_0213,350
redhat_rhel7_system_administrators_guide.txt,redhat_rhel7_system_administrators_guide.txt_chunk_0214,350
redhat_rhel7_system_administrators_guide.txt,redhat_rhel7_system_administrators_guide.txt_chunk_0215,350
redhat_rhel7_system_administrators_guide.txt,redhat_rhel7_system_administrators_guide.txt_chunk_0216,350
redhat_rhel7_system_administrators_guide.txt,redhat_rhel7_system_administrators_guide.txt_chunk_0217,350
redhat_rhel7_system_administrators_guide.txt,redhat_rhel7_system_administrators_guide.txt_chunk_0218,350
redhat_rhel7_system_administrators_guide.txt,redhat_rhel7_system_administrators_guide.txt_chunk_0219,350
redhat_rhel7_system_administrators_guide.txt,redhat_rhel7_system_administrators_guide.txt_chunk_0220,350
redhat_rhel7_system_administrators_guide.txt,redhat_rhel7_system_administrators_guide.txt_chunk_0221,350
redhat_rhel7_system_administrators_guide.txt,redhat_rhel7_system_administrators_guide.txt_chunk_0222,350
redhat_rhel7_system_administrators_guide.txt,redhat_rhel7_system_administrators_guide.txt_chunk_0223,350
redhat_rhel7_system_administrators_guide.txt,redhat_rhel7_system_administrators_guide.txt_chunk_0224,350
redhat_rhel7_system_administrators_guide.txt,redhat_rhel7_system_administrators_guide.txt_chunk_0225,350
redhat_rhel7_system_administrators_guide.txt,redhat_rhel7_system_administrators_guide.txt_chunk_0226,350
redhat_rhel7_system_administrators_guide.txt,redhat_rhel7_system_administrators_guide.txt_chunk_0227,350
redhat_rhel7_system_administrators_guide.txt,redhat_rhel7_system_administrators_guide.txt_chunk_0228,350
redhat_rhel7_system_administrators_guide.txt,redhat_rhel7_system_administrators_guide.txt_chunk_0229,350
redhat_rhel7_system_administrators_guide.txt,redhat_rhel7_system_administrators_guide.txt_chunk_0230,350
redhat_rhel7_system_administrators_guide.txt,redhat_rhel7_system_administrators_guide.txt_chunk_0231,350
redhat_rhel7_system_administrators_guide.txt,redhat_rhel7_system_administrators_guide.txt_chunk_0232,350
redhat_rhel7_system_administrators_guide.txt,redhat_rhel7_system_administrators_guide.txt_chunk_0233,350
redhat_rhel7_system_administrators_guide.txt,redhat_rhel7_system_administrators_guide.txt_chunk_0234,350
redhat_rhel7_system_administrators_guide.txt,redhat_rhel7_system_administrators_guide.txt_chunk_0235,350
redhat_rhel7_system_administrators_guide.txt,redhat_rhel7_system_administrators_guide.txt_chunk_0236,350
redhat_rhel7_system_administrators_guide.txt,redhat_rhel7_system_administrators_guide.txt_chunk_0237,350
redhat_rhel7_system_administrators_guide.txt,redhat_rhel7_system_administrators_guide.txt_chunk_0238,350
redhat_rhel7_system_administrators_guide.txt,redhat_rhel7_system_administrators_guide.txt_chunk_0239,350
redhat_rhel7_system_administrators_guide.txt,redhat_rhel7_system_administrators_guide.txt_chunk_0240,350
redhat_rhel7_system_administrators_guide.txt,redhat_rhel7_system_administrators_guide.txt_chunk_0241,350
redhat_rhel7_system_administrators_guide.txt,redhat_rhel7_system_administrators_guide.txt_chunk_0242,350
redhat_rhel7_system_administrators_guide.txt,redhat_rhel7_system_administrators_guide.txt_chunk_0243,350
redhat_rhel7_system_administrators_guide.txt,redhat_rhel7_system_administrators_guide.txt_chunk_0244,350
redhat_rhel7_system_administrators_guide.txt,redhat_rhel7_system_administrators_guide.txt_chunk_0245,350
redhat_rhel7_system_administrators_guide.txt,redhat_rhel7_system_administrators_guide.txt_chunk_0246,350
redhat_rhel7_system_administrators_guide.txt,redhat_rhel7_system_administrators_guide.txt_chunk_0247,350
redhat_rhel7_system_administrators_guide.txt,redhat_rhel7_system_administrators_guide.txt_chunk_0248,350
redhat_rhel7_system_administrators_guide.txt,redhat_rhel7_system_administrators_guide.txt_chunk_0249,350
redhat_rhel7_system_administrators_guide.txt,redhat_rhel7_system_administrators_guide.txt_chunk_0250,350
redhat_rhel7_system_administrators_guide.txt,redhat_rhel7_system_administrators_guide.txt_chunk_0251,350
redhat_rhel7_system_administrators_guide.txt,redhat_rhel7_system_administrators_guide.txt_chunk_0252,350
redhat_rhel7_system_administrators_guide.txt,redhat_rhel7_system_administrators_guide.txt_chunk_0253,350
redhat_rhel7_system_administrators_guide.txt,redhat_rhel7_system_administrators_guide.txt_chunk_0254,350
redhat_rhel7_system_administrators_guide.txt,redhat_rhel7_system_administrators_guide.txt_chunk_0255,350
redhat_rhel7_system_administrators_guide.txt,redhat_rhel7_system_administrators_guide.txt_chunk_0256,350
redhat_rhel7_system_administrators_guide.txt,redhat_rhel7_system_administrators_guide.txt_chunk_0257,350
redhat_rhel7_system_administrators_guide.txt,redhat_rhel7_system_administrators_guide.txt_chunk_0258,350
redhat_rhel7_system_administrators_guide.txt,redhat_rhel7_system_administrators_guide.txt_chunk_0259,350
redhat_rhel7_system_administrators_guide.txt,redhat_rhel7_system_administrators_guide.txt_chunk_0260,350
redhat_rhel7_system_administrators_guide.txt,redhat_rhel7_system_administrators_guide.txt_chunk_0261,350
redhat_rhel7_system_administrators_guide.txt,redhat_rhel7_system_administrators_guide.txt_chunk_0262,350
redhat_rhel7_system_administrators_guide.txt,redhat_rhel7_system_administrators_guide.txt_chunk_0263,350
redhat_rhel7_system_administrators_guide.txt,redhat_rhel7_system_administrators_guide.txt_chunk_0264,350
redhat_rhel7_system_administrators_guide.txt,redhat_rhel7_system_administrators_guide.txt_chunk_0265,350
redhat_rhel7_system_administrators_guide.txt,redhat_rhel7_system_administrators_guide.txt_chunk_0266,350
redhat_rhel7_system_administrators_guide.txt,redhat_rhel7_system_administrators_guide.txt_chunk_0267,350
redhat_rhel7_system_administrators_guide.txt,redhat_rhel7_system_administrators_guide.txt_chunk_0268,350
redhat_rhel7_system_administrators_guide.txt,redhat_rhel7_system_administrators_guide.txt_chunk_0269,350
redhat_rhel7_system_administrators_guide.txt,redhat_rhel7_system_administrators_guide.txt_chunk_0270,350
redhat_rhel7_system_administrators_guide.txt,redhat_rhel7_system_administrators_guide.txt_chunk_0271,350
redhat_rhel7_system_administrators_guide.txt,redhat_rhel7_system_administrators_guide.txt_chunk_0272,350
redhat_rhel7_system_administrators_guide.txt,redhat_rhel7_system_administrators_guide.txt_chunk_0273,350
redhat_rhel7_system_administrators_guide.txt,redhat_rhel7_system_administrators_guide.txt_chunk_0274,350
redhat_rhel7_system_administrators_guide.txt,redhat_rhel7_system_administrators_guide.txt_chunk_0275,350
redhat_rhel7_system_administrators_guide.txt,redhat_rhel7_system_administrators_guide.txt_chunk_0276,350
redhat_rhel7_system_administrators_guide.txt,redhat_rhel7_system_administrators_guide.txt_chunk_0277,350
redhat_rhel7_system_administrators_guide.txt,redhat_rhel7_system_administrators_guide.txt_chunk_0278,350
redhat_rhel7_system_administrators_guide.txt,redhat_rhel7_system_administrators_guide.txt_chunk_0279,350
redhat_rhel7_system_administrators_guide.txt,redhat_rhel7_system_administrators_guide.txt_chunk_0280,350
redhat_rhel7_system_administrators_guide.txt,redhat_rhel7_system_administrators_guide.txt_chunk_0281,350
redhat_rhel7_system_administrators_guide.txt,redhat_rhel7_system_administrators_guide.txt_chunk_0282,350
redhat_rhel7_system_administrators_guide.txt,redhat_rhel7_system_administrators_guide.txt_chunk_0283,350
redhat_rhel7_system_administrators_guide.txt,redhat_rhel7_system_administrators_guide.txt_chunk_0284,350
redhat_rhel7_system_administrators_guide.txt,redhat_rhel7_system_administrators_guide.txt_chunk_0285,350
redhat_rhel7_system_administrators_guide.txt,redhat_rhel7_system_administrators_guide.txt_chunk_0286,350
redhat_rhel7_system_administrators_guide.txt,redhat_rhel7_system_administrators_guide.txt_chunk_0287,350
redhat_rhel7_system_administrators_guide.txt,redhat_rhel7_system_administrators_guide.txt_chunk_0288,350
redhat_rhel7_system_administrators_guide.txt,redhat_rhel7_system_administrators_guide.txt_chunk_0289,350
redhat_rhel7_system_administrators_guide.txt,redhat_rhel7_system_administrators_guide.txt_chunk_0290,350
redhat_rhel7_system_administrators_guide.txt,redhat_rhel7_system_administrators_guide.txt_chunk_0291,350
redhat_rhel7_system_administrators_guide.txt,redhat_rhel7_system_administrators_guide.txt_chunk_0292,350
redhat_rhel7_system_administrators_guide.txt,redhat_rhel7_system_administrators_guide.txt_chunk_0293,350
redhat_rhel7_system_administrators_guide.txt,redhat_rhel7_system_administrators_guide.txt_chunk_0294,350
redhat_rhel7_system_administrators_guide.txt,redhat_rhel7_system_administrators_guide.txt_chunk_0295,350
redhat_rhel7_system_administrators_guide.txt,redhat_rhel7_system_administrators_guide.txt_chunk_0296,350
redhat_rhel7_system_administrators_guide.txt,redhat_rhel7_system_administrators_guide.txt_chunk_0297,350
redhat_rhel7_system_administrators_guide.txt,redhat_rhel7_system_administrators_guide.txt_chunk_0298,350
redhat_rhel7_system_administrators_guide.txt,redhat_rhel7_system_administrators_guide.txt_chunk_0299,350
redhat_rhel7_system_administrators_guide.txt,redhat_rhel7_system_administrators_guide.txt_chunk_0300,350
redhat_rhel7_system_administrators_guide.txt,redhat_rhel7_system_administrators_guide.txt_chunk_0301,350
redhat_rhel7_system_administrators_guide.txt,redhat_rhel7_system_administrators_guide.txt_chunk_0302,350
redhat_rhel7_system_administrators_guide.txt,redhat_rhel7_system_administrators_guide.txt_chunk_0303,350
redhat_rhel7_system_administrators_guide.txt,redhat_rhel7_system_administrators_guide.txt_chunk_0304,350
redhat_rhel7_system_administrators_guide.txt,redhat_rhel7_system_administrators_guide.txt_chunk_0305,350
redhat_rhel7_system_administrators_guide.txt,redhat_rhel7_system_administrators_guide.txt_chunk_0306,350
redhat_rhel7_system_administrators_guide.txt,redhat_rhel7_system_administrators_guide.txt_chunk_0307,350
redhat_rhel7_system_administrators_guide.txt,redhat_rhel7_system_administrators_guide.txt_chunk_0308,350
redhat_rhel7_system_administrators_guide.txt,redhat_rhel7_system_administrators_guide.txt_chunk_0309,350
redhat_rhel7_system_administrators_guide.txt,redhat_rhel7_system_administrators_guide.txt_chunk_0310,350
redhat_rhel7_system_administrators_guide.txt,redhat_rhel7_system_administrators_guide.txt_chunk_0311,350
redhat_rhel7_system_administrators_guide.txt,redhat_rhel7_system_administrators_guide.txt_chunk_0312,350
redhat_rhel7_system_administrators_guide.txt,redhat_rhel7_system_administrators_guide.txt_chunk_0313,350
redhat_rhel7_system_administrators_guide.txt,redhat_rhel7_system_administrators_guide.txt_chunk_0314,350
redhat_rhel7_system_administrators_guide.txt,redhat_rhel7_system_administrators_guide.txt_chunk_0315,350
redhat_rhel7_system_administrators_guide.txt,redhat_rhel7_system_administrators_guide.txt_chunk_0316,350
redhat_rhel7_system_administrators_guide.txt,redhat_rhel7_system_administrators_guide.txt_chunk_0317,350
redhat_rhel7_system_administrators_guide.txt,redhat_rhel7_system_administrators_guide.txt_chunk_0318,350
redhat_rhel7_system_administrators_guide.txt,redhat_rhel7_system_administrators_guide.txt_chunk_0319,350
redhat_rhel7_system_administrators_guide.txt,redhat_rhel7_system_administrators_guide.txt_chunk_0320,350
redhat_rhel7_system_administrators_guide.txt,redhat_rhel7_system_administrators_guide.txt_chunk_0321,350
redhat_rhel7_system_administrators_guide.txt,redhat_rhel7_system_administrators_guide.txt_chunk_0322,350
redhat_rhel7_system_administrators_guide.txt,redhat_rhel7_system_administrators_guide.txt_chunk_0323,350
redhat_rhel7_system_administrators_guide.txt,redhat_rhel7_system_administrators_guide.txt_chunk_0324,350
redhat_rhel7_system_administrators_guide.txt,redhat_rhel7_system_administrators_guide.txt_chunk_0325,350
redhat_rhel7_system_administrators_guide.txt,redhat_rhel7_system_administrators_guide.txt_chunk_0326,350
redhat_rhel7_system_administrators_guide.txt,redhat_rhel7_system_administrators_guide.txt_chunk_0327,350
redhat_rhel7_system_administrators_guide.txt,redhat_rhel7_system_administrators_guide.txt_chunk_0328,350
redhat_rhel7_system_administrators_guide.txt,redhat_rhel7_system_administrators_guide.txt_chunk_0329,350
redhat_rhel7_system_administrators_guide.txt,redhat_rhel7_system_administrators_guide.txt_chunk_0330,350
redhat_rhel7_system_administrators_guide.txt,redhat_rhel7_system_administrators_guide.txt_chunk_0331,350
redhat_rhel7_system_administrators_guide.txt,redhat_rhel7_system_administrators_guide.txt_chunk_0332,350
redhat_rhel7_system_administrators_guide.txt,redhat_rhel7_system_administrators_guide.txt_chunk_0333,350
redhat_rhel7_system_administrators_guide.txt,redhat_rhel7_system_administrators_guide.txt_chunk_0334,350
redhat_rhel7_system_administrators_guide.txt,redhat_rhel7_system_administrators_guide.txt_chunk_0335,350
redhat_rhel7_system_administrators_guide.txt,redhat_rhel7_system_administrators_guide.txt_chunk_0336,350
redhat_rhel7_system_administrators_guide.txt,redhat_rhel7_system_administrators_guide.txt_chunk_0337,350
redhat_rhel7_system_administrators_guide.txt,redhat_rhel7_system_administrators_guide.txt_chunk_0338,350
redhat_rhel7_system_administrators_guide.txt,redhat_rhel7_system_administrators_guide.txt_chunk_0339,350
redhat_rhel7_system_administrators_guide.txt,redhat_rhel7_system_administrators_guide.txt_chunk_0340,350
redhat_rhel7_system_administrators_guide.txt,redhat_rhel7_system_administrators_guide.txt_chunk_0341,350
redhat_rhel7_system_administrators_guide.txt,redhat_rhel7_system_administrators_guide.txt_chunk_0342,350
redhat_rhel7_system_administrators_guide.txt,redhat_rhel7_system_administrators_guide.txt_chunk_0343,350
redhat_rhel7_system_administrators_guide.txt,redhat_rhel7_system_administrators_guide.txt_chunk_0344,350
redhat_rhel7_system_administrators_guide.txt,redhat_rhel7_system_administrators_guide.txt_chunk_0345,350
redhat_rhel7_system_administrators_guide.txt,redhat_rhel7_system_administrators_guide.txt_chunk_0346,350
redhat_rhel7_system_administrators_guide.txt,redhat_rhel7_system_administrators_guide.txt_chunk_0347,350
redhat_rhel7_system_administrators_guide.txt,redhat_rhel7_system_administrators_guide.txt_chunk_0348,350
redhat_rhel7_system_administrators_guide.txt,redhat_rhel7_system_administrators_guide.txt_chunk_0349,350
redhat_rhel7_system_administrators_guide.txt,redhat_rhel7_system_administrators_guide.txt_chunk_0350,350
redhat_rhel7_system_administrators_guide.txt,redhat_rhel7_system_administrators_guide.txt_chunk_0351,350
redhat_rhel7_system_administrators_guide.txt,redhat_rhel7_system_administrators_guide.txt_chunk_0352,350
redhat_rhel7_system_administrators_guide.txt,redhat_rhel7_system_administrators_guide.txt_chunk_0353,350
redhat_rhel7_system_administrators_guide.txt,redhat_rhel7_system_administrators_guide.txt_chunk_0354,350
redhat_rhel7_system_administrators_guide.txt,redhat_rhel7_system_administrators_guide.txt_chunk_0355,350
redhat_rhel7_system_administrators_guide.txt,redhat_rhel7_system_administrators_guide.txt_chunk_0356,350
redhat_rhel7_system_administrators_guide.txt,redhat_rhel7_system_administrators_guide.txt_chunk_0357,350
redhat_rhel7_system_administrators_guide.txt,redhat_rhel7_system_administrators_guide.txt_chunk_0358,350
redhat_rhel7_system_administrators_guide.txt,redhat_rhel7_system_administrators_guide.txt_chunk_0359,350
redhat_rhel7_system_administrators_guide.txt,redhat_rhel7_system_administrators_guide.txt_chunk_0360,350
redhat_rhel7_system_administrators_guide.txt,redhat_rhel7_system_administrators_guide.txt_chunk_0361,350
redhat_rhel7_system_administrators_guide.txt,redhat_rhel7_system_administrators_guide.txt_chunk_0362,350
redhat_rhel7_system_administrators_guide.txt,redhat_rhel7_system_administrators_guide.txt_chunk_0363,350
redhat_rhel7_system_administrators_guide.txt,redhat_rhel7_system_administrators_guide.txt_chunk_0364,350
redhat_rhel7_system_administrators_guide.txt,redhat_rhel7_system_administrators_guide.txt_chunk_0365,350
redhat_rhel7_system_administrators_guide.txt,redhat_rhel7_system_administrators_guide.txt_chunk_0366,350
redhat_rhel7_system_administrators_guide.txt,redhat_rhel7_system_administrators_guide.txt_chunk_0367,350
redhat_rhel7_system_administrators_guide.txt,redhat_rhel7_system_administrators_guide.txt_chunk_0368,350
redhat_rhel7_system_administrators_guide.txt,redhat_rhel7_system_administrators_guide.txt_chunk_0369,350
redhat_rhel7_system_administrators_guide.txt,redhat_rhel7_system_administrators_guide.txt_chunk_0370,350
redhat_rhel7_system_administrators_guide.txt,redhat_rhel7_system_administrators_guide.txt_chunk_0371,350
redhat_rhel7_system_administrators_guide.txt,redhat_rhel7_system_administrators_guide.txt_chunk_0372,350
redhat_rhel7_system_administrators_guide.txt,redhat_rhel7_system_administrators_guide.txt_chunk_0373,350
redhat_rhel7_system_administrators_guide.txt,redhat_rhel7_system_administrators_guide.txt_chunk_0374,350
redhat_rhel7_system_administrators_guide.txt,redhat_rhel7_system_administrators_guide.txt_chunk_0375,350
redhat_rhel7_system_administrators_guide.txt,redhat_rhel7_system_administrators_guide.txt_chunk_0376,350
redhat_rhel7_system_administrators_guide.txt,redhat_rhel7_system_administrators_guide.txt_chunk_0377,350
redhat_rhel7_system_administrators_guide.txt,redhat_rhel7_system_administrators_guide.txt_chunk_0378,350
redhat_rhel7_system_administrators_guide.txt,redhat_rhel7_system_administrators_guide.txt_chunk_0379,350
redhat_rhel7_system_administrators_guide.txt,redhat_rhel7_system_administrators_guide.txt_chunk_0380,350
redhat_rhel7_system_administrators_guide.txt,redhat_rhel7_system_administrators_guide.txt_chunk_0381,350
redhat_rhel7_system_administrators_guide.txt,redhat_rhel7_system_administrators_guide.txt_chunk_0382,350
redhat_rhel7_system_administrators_guide.txt,redhat_rhel7_system_administrators_guide.txt_chunk_0383,350
redhat_rhel7_system_administrators_guide.txt,redhat_rhel7_system_administrators_guide.txt_chunk_0384,350
redhat_rhel7_system_administrators_guide.txt,redhat_rhel7_system_administrators_guide.txt_chunk_0385,350
redhat_rhel7_system_administrators_guide.txt,redhat_rhel7_system_administrators_guide.txt_chunk_0386,350
redhat_rhel7_system_administrators_guide.txt,redhat_rhel7_system_administrators_guide.txt_chunk_0387,350
redhat_rhel7_system_administrators_guide.txt,redhat_rhel7_system_administrators_guide.txt_chunk_0388,350
redhat_rhel7_system_administrators_guide.txt,redhat_rhel7_system_administrators_guide.txt_chunk_0389,350
redhat_rhel7_system_administrators_guide.txt,redhat_rhel7_system_administrators_guide.txt_chunk_0390,350
redhat_rhel7_system_administrators_guide.txt,redhat_rhel7_system_administrators_guide.txt_chunk_0391,350
redhat_rhel7_system_administrators_guide.txt,redhat_rhel7_system_administrators_guide.txt_chunk_0392,350
redhat_rhel7_system_administrators_guide.txt,redhat_rhel7_system_administrators_guide.txt_chunk_0393,350
redhat_rhel7_system_administrators_guide.txt,redhat_rhel7_system_administrators_guide.txt_chunk_0394,350
redhat_rhel7_system_administrators_guide.txt,redhat_rhel7_system_administrators_guide.txt_chunk_0395,350
redhat_rhel7_system_administrators_guide.txt,redhat_rhel7_system_administrators_guide.txt_chunk_0396,350
redhat_rhel7_system_administrators_guide.txt,redhat_rhel7_system_administrators_guide.txt_chunk_0397,350
redhat_rhel7_system_administrators_guide.txt,redhat_rhel7_system_administrators_guide.txt_chunk_0398,350
redhat_rhel7_system_administrators_guide.txt,redhat_rhel7_system_administrators_guide.txt_chunk_0399,350
redhat_rhel7_system_administrators_guide.txt,redhat_rhel7_system_administrators_guide.txt_chunk_0400,350
redhat_rhel7_system_administrators_guide.txt,redhat_rhel7_system_administrators_guide.txt_chunk_0401,350
redhat_rhel7_system_administrators_guide.txt,redhat_rhel7_system_administrators_guide.txt_chunk_0402,350
redhat_rhel7_system_administrators_guide.txt,redhat_rhel7_system_administrators_guide.txt_chunk_0403,350
redhat_rhel7_system_administrators_guide.txt,redhat_rhel7_system_administrators_guide.txt_chunk_0404,350
redhat_rhel7_system_administrators_guide.txt,redhat_rhel7_system_administrators_guide.txt_chunk_0405,350
redhat_rhel7_system_administrators_guide.txt,redhat_rhel7_system_administrators_guide.txt_chunk_0406,350
redhat_rhel7_system_administrators_guide.txt,redhat_rhel7_system_administrators_guide.txt_chunk_0407,350
redhat_rhel7_system_administrators_guide.txt,redhat_rhel7_system_administrators_guide.txt_chunk_0408,350
redhat_rhel7_system_administrators_guide.txt,redhat_rhel7_system_administrators_guide.txt_chunk_0409,350
redhat_rhel7_system_administrators_guide.txt,redhat_rhel7_system_administrators_guide.txt_chunk_0410,350
redhat_rhel7_system_administrators_guide.txt,redhat_rhel7_system_administrators_guide.txt_chunk_0411,350
redhat_rhel7_system_administrators_guide.txt,redhat_rhel7_system_administrators_guide.txt_chunk_0412,350
redhat_rhel7_system_administrators_guide.txt,redhat_rhel7_system_administrators_guide.txt_chunk_0413,350
redhat_rhel7_system_administrators_guide.txt,redhat_rhel7_system_administrators_guide.txt_chunk_0414,350
redhat_rhel7_system_administrators_guide.txt,redhat_rhel7_system_administrators_guide.txt_chunk_0415,350
redhat_rhel7_system_administrators_guide.txt,redhat_rhel7_system_administrators_guide.txt_chunk_0416,350
redhat_rhel7_system_administrators_guide.txt,redhat_rhel7_system_administrators_guide.txt_chunk_0417,350
redhat_rhel7_system_administrators_guide.txt,redhat_rhel7_system_administrators_guide.txt_chunk_0418,350
redhat_rhel7_system_administrators_guide.txt,redhat_rhel7_system_administrators_guide.txt_chunk_0419,350
redhat_rhel7_system_administrators_guide.txt,redhat_rhel7_system_administrators_guide.txt_chunk_0420,350
redhat_rhel7_system_administrators_guide.txt,redhat_rhel7_system_administrators_guide.txt_chunk_0421,350
redhat_rhel7_system_administrators_guide.txt,redhat_rhel7_system_administrators_guide.txt_chunk_0422,350
redhat_rhel7_system_administrators_guide.txt,redhat_rhel7_system_administrators_guide.txt_chunk_0423,350
redhat_rhel7_system_administrators_guide.txt,redhat_rhel7_system_administrators_guide.txt_chunk_0424,350
redhat_rhel7_system_administrators_guide.txt,redhat_rhel7_system_administrators_guide.txt_chunk_0425,350
redhat_rhel7_system_administrators_guide.txt,redhat_rhel7_system_administrators_guide.txt_chunk_0426,350
redhat_rhel7_system_administrators_guide.txt,redhat_rhel7_system_administrators_guide.txt_chunk_0427,350
redhat_rhel7_system_administrators_guide.txt,redhat_rhel7_system_administrators_guide.txt_chunk_0428,350
redhat_rhel7_system_administrators_guide.txt,redhat_rhel7_system_administrators_guide.txt_chunk_0429,350
redhat_rhel7_system_administrators_guide.txt,redhat_rhel7_system_administrators_guide.txt_chunk_0430,350
redhat_rhel7_system_administrators_guide.txt,redhat_rhel7_system_administrators_guide.txt_chunk_0431,350
redhat_rhel7_system_administrators_guide.txt,redhat_rhel7_system_administrators_guide.txt_chunk_0432,350
redhat_rhel7_system_administrators_guide.txt,redhat_rhel7_system_administrators_guide.txt_chunk_0433,350
redhat_rhel7_system_administrators_guide.txt,redhat_rhel7_system_administrators_guide.txt_chunk_0434,350
redhat_rhel7_system_administrators_guide.txt,redhat_rhel7_system_administrators_guide.txt_chunk_0435,350
redhat_rhel7_system_administrators_guide.txt,redhat_rhel7_system_administrators_guide.txt_chunk_0436,350
redhat_rhel7_system_administrators_guide.txt,redhat_rhel7_system_administrators_guide.txt_chunk_0437,350
redhat_rhel7_system_administrators_guide.txt,redhat_rhel7_system_administrators_guide.txt_chunk_0438,350
redhat_rhel7_system_administrators_guide.txt,redhat_rhel7_system_administrators_guide.txt_chunk_0439,350
redhat_rhel7_system_administrators_guide.txt,redhat_rhel7_system_administrators_guide.txt_chunk_0440,350
redhat_rhel7_system_administrators_guide.txt,redhat_rhel7_system_administrators_guide.txt_chunk_0441,350
redhat_rhel7_system_administrators_guide.txt,redhat_rhel7_system_administrators_guide.txt_chunk_0442,350
redhat_rhel7_system_administrators_guide.txt,redhat_rhel7_system_administrators_guide.txt_chunk_0443,350
redhat_rhel7_system_administrators_guide.txt,redhat_rhel7_system_administrators_guide.txt_chunk_0444,350
redhat_rhel7_system_administrators_guide.txt,redhat_rhel7_system_administrators_guide.txt_chunk_0445,350
redhat_rhel7_system_administrators_guide.txt,redhat_rhel7_system_administrators_guide.txt_chunk_0446,350
redhat_rhel7_system_administrators_guide.txt,redhat_rhel7_system_administrators_guide.txt_chunk_0447,350
redhat_rhel7_system_administrators_guide.txt,redhat_rhel7_system_administrators_guide.txt_chunk_0448,350
redhat_rhel7_system_administrators_guide.txt,redhat_rhel7_system_administrators_guide.txt_chunk_0449,350
redhat_rhel7_system_administrators_guide.txt,redhat_rhel7_system_administrators_guide.txt_chunk_0450,350
redhat_rhel7_system_administrators_guide.txt,redhat_rhel7_system_administrators_guide.txt_chunk_0451,350
redhat_rhel7_system_administrators_guide.txt,redhat_rhel7_system_administrators_guide.txt_chunk_0452,350
redhat_rhel7_system_administrators_guide.txt,redhat_rhel7_system_administrators_guide.txt_chunk_0453,350
redhat_rhel7_system_administrators_guide.txt,redhat_rhel7_system_administrators_guide.txt_chunk_0454,350
redhat_rhel7_system_administrators_guide.txt,redhat_rhel7_system_administrators_guide.txt_chunk_0455,350
redhat_rhel7_system_administrators_guide.txt,redhat_rhel7_system_administrators_guide.txt_chunk_0456,350
redhat_rhel7_system_administrators_guide.txt,redhat_rhel7_system_administrators_guide.txt_chunk_0457,350
redhat_rhel7_system_administrators_guide.txt,redhat_rhel7_system_administrators_guide.txt_chunk_0458,350
redhat_rhel7_system_administrators_guide.txt,redhat_rhel7_system_administrators_guide.txt_chunk_0459,350
redhat_rhel7_system_administrators_guide.txt,redhat_rhel7_system_administrators_guide.txt_chunk_0460,350
redhat_rhel7_system_administrators_guide.txt,redhat_rhel7_system_administrators_guide.txt_chunk_0461,350
redhat_rhel7_system_administrators_guide.txt,redhat_rhel7_system_administrators_guide.txt_chunk_0462,350
redhat_rhel7_system_administrators_guide.txt,redhat_rhel7_system_administrators_guide.txt_chunk_0463,350
redhat_rhel7_system_administrators_guide.txt,redhat_rhel7_system_administrators_guide.txt_chunk_0464,350
redhat_rhel7_system_administrators_guide.txt,redhat_rhel7_system_administrators_guide.txt_chunk_0465,350
redhat_rhel7_system_administrators_guide.txt,redhat_rhel7_system_administrators_guide.txt_chunk_0466,350
redhat_rhel7_system_administrators_guide.txt,redhat_rhel7_system_administrators_guide.txt_chunk_0467,350
redhat_rhel7_system_administrators_guide.txt,redhat_rhel7_system_administrators_guide.txt_chunk_0468,350
redhat_rhel7_system_administrators_guide.txt,redhat_rhel7_system_administrators_guide.txt_chunk_0469,350
redhat_rhel7_system_administrators_guide.txt,redhat_rhel7_system_administrators_guide.txt_chunk_0470,350
redhat_rhel7_system_administrators_guide.txt,redhat_rhel7_system_administrators_guide.txt_chunk_0471,350
redhat_rhel7_system_administrators_guide.txt,redhat_rhel7_system_administrators_guide.txt_chunk_0472,350
redhat_rhel7_system_administrators_guide.txt,redhat_rhel7_system_administrators_guide.txt_chunk_0473,350
redhat_rhel7_system_administrators_guide.txt,redhat_rhel7_system_administrators_guide.txt_chunk_0474,350
redhat_rhel7_system_administrators_guide.txt,redhat_rhel7_system_administrators_guide.txt_chunk_0475,350
redhat_rhel7_system_administrators_guide.txt,redhat_rhel7_system_administrators_guide.txt_chunk_0476,350
redhat_rhel7_system_administrators_guide.txt,redhat_rhel7_system_administrators_guide.txt_chunk_0477,350
redhat_rhel7_system_administrators_guide.txt,redhat_rhel7_system_administrators_guide.txt_chunk_0478,350
redhat_rhel7_system_administrators_guide.txt,redhat_rhel7_system_administrators_guide.txt_chunk_0479,350
redhat_rhel7_system_administrators_guide.txt,redhat_rhel7_system_administrators_guide.txt_chunk_0480,350
redhat_rhel7_system_administrators_guide.txt,redhat_rhel7_system_administrators_guide.txt_chunk_0481,350
redhat_rhel7_system_administrators_guide.txt,redhat_rhel7_system_administrators_guide.txt_chunk_0482,350
redhat_rhel7_system_administrators_guide.txt,redhat_rhel7_system_administrators_guide.txt_chunk_0483,350
redhat_rhel7_system_administrators_guide.txt,redhat_rhel7_system_administrators_guide.txt_chunk_0484,350
redhat_rhel7_system_administrators_guide.txt,redhat_rhel7_system_administrators_guide.txt_chunk_0485,350
redhat_rhel7_system_administrators_guide.txt,redhat_rhel7_system_administrators_guide.txt_chunk_0486,350
redhat_rhel7_system_administrators_guide.txt,redhat_rhel7_system_administrators_guide.txt_chunk_0487,350
redhat_rhel7_system_administrators_guide.txt,redhat_rhel7_system_administrators_guide.txt_chunk_0488,350
redhat_rhel7_system_administrators_guide.txt,redhat_rhel7_system_administrators_guide.txt_chunk_0489,350
redhat_rhel7_system_administrators_guide.txt,redhat_rhel7_system_administrators_guide.txt_chunk_0490,350
redhat_rhel7_system_administrators_guide.txt,redhat_rhel7_system_administrators_guide.txt_chunk_0491,350
redhat_rhel7_system_administrators_guide.txt,redhat_rhel7_system_administrators_guide.txt_chunk_0492,350
redhat_rhel7_system_administrators_guide.txt,redhat_rhel7_system_administrators_guide.txt_chunk_0493,350
redhat_rhel7_system_administrators_guide.txt,redhat_rhel7_system_administrators_guide.txt_chunk_0494,350
redhat_rhel7_system_administrators_guide.txt,redhat_rhel7_system_administrators_guide.txt_chunk_0495,350
redhat_rhel7_system_administrators_guide.txt,redhat_rhel7_system_administrators_guide.txt_chunk_0496,350
redhat_rhel7_system_administrators_guide.txt,redhat_rhel7_system_administrators_guide.txt_chunk_0497,350
redhat_rhel7_system_administrators_guide.txt,redhat_rhel7_system_administrators_guide.txt_chunk_0498,350
redhat_rhel7_system_administrators_guide.txt,redhat_rhel7_system_administrators_guide.txt_chunk_0499,350
redhat_rhel7_system_administrators_guide.txt,redhat_rhel7_system_administrators_guide.txt_chunk_0500,350
redhat_rhel7_system_administrators_guide.txt,redhat_rhel7_system_administrators_guide.txt_chunk_0501,350
redhat_rhel7_system_administrators_guide.txt,redhat_rhel7_system_administrators_guide.txt_chunk_0502,350
redhat_rhel7_system_administrators_guide.txt,redhat_rhel7_system_administrators_guide.txt_chunk_0503,350
redhat_rhel7_system_administrators_guide.txt,redhat_rhel7_system_administrators_guide.txt_chunk_0504,350
redhat_rhel7_system_administrators_guide.txt,redhat_rhel7_system_administrators_guide.txt_chunk_0505,350
redhat_rhel7_system_administrators_guide.txt,redhat_rhel7_system_administrators_guide.txt_chunk_0506,350
redhat_rhel7_system_administrators_guide.txt,redhat_rhel7_system_administrators_guide.txt_chunk_0507,350
redhat_rhel7_system_administrators_guide.txt,redhat_rhel7_system_administrators_guide.txt_chunk_0508,350
redhat_rhel7_system_administrators_guide.txt,redhat_rhel7_system_administrators_guide.txt_chunk_0509,350
redhat_rhel7_system_administrators_guide.txt,redhat_rhel7_system_administrators_guide.txt_chunk_0510,350
redhat_rhel7_system_administrators_guide.txt,redhat_rhel7_system_administrators_guide.txt_chunk_0511,350
redhat_rhel7_system_administrators_guide.txt,redhat_rhel7_system_administrators_guide.txt_chunk_0512,350
redhat_rhel7_system_administrators_guide.txt,redhat_rhel7_system_administrators_guide.txt_chunk_0513,350
redhat_rhel7_system_administrators_guide.txt,redhat_rhel7_system_administrators_guide.txt_chunk_0514,350
redhat_rhel7_system_administrators_guide.txt,redhat_rhel7_system_administrators_guide.txt_chunk_0515,350
redhat_rhel7_system_administrators_guide.txt,redhat_rhel7_system_administrators_guide.txt_chunk_0516,350
redhat_rhel7_system_administrators_guide.txt,redhat_rhel7_system_administrators_guide.txt_chunk_0517,350
redhat_rhel7_system_administrators_guide.txt,redhat_rhel7_system_administrators_guide.txt_chunk_0518,350
redhat_rhel7_system_administrators_guide.txt,redhat_rhel7_system_administrators_guide.txt_chunk_0519,350
redhat_rhel7_system_administrators_guide.txt,redhat_rhel7_system_administrators_guide.txt_chunk_0520,350
redhat_rhel7_system_administrators_guide.txt,redhat_rhel7_system_administrators_guide.txt_chunk_0521,350
redhat_rhel7_system_administrators_guide.txt,redhat_rhel7_system_administrators_guide.txt_chunk_0522,350
redhat_rhel7_system_administrators_guide.txt,redhat_rhel7_system_administrators_guide.txt_chunk_0523,350
redhat_rhel7_system_administrators_guide.txt,redhat_rhel7_system_administrators_guide.txt_chunk_0524,350
redhat_rhel7_system_administrators_guide.txt,redhat_rhel7_system_administrators_guide.txt_chunk_0525,350
redhat_rhel7_system_administrators_guide.txt,redhat_rhel7_system_administrators_guide.txt_chunk_0526,350
redhat_rhel7_system_administrators_guide.txt,redhat_rhel7_system_administrators_guide.txt_chunk_0527,350
redhat_rhel7_system_administrators_guide.txt,redhat_rhel7_system_administrators_guide.txt_chunk_0528,350
redhat_rhel7_system_administrators_guide.txt,redhat_rhel7_system_administrators_guide.txt_chunk_0529,350
redhat_rhel7_system_administrators_guide.txt,redhat_rhel7_system_administrators_guide.txt_chunk_0530,350
redhat_rhel7_system_administrators_guide.txt,redhat_rhel7_system_administrators_guide.txt_chunk_0531,350
redhat_rhel7_system_administrators_guide.txt,redhat_rhel7_system_administrators_guide.txt_chunk_0532,350
redhat_rhel7_system_administrators_guide.txt,redhat_rhel7_system_administrators_guide.txt_chunk_0533,350
redhat_rhel7_system_administrators_guide.txt,redhat_rhel7_system_administrators_guide.txt_chunk_0534,350
redhat_rhel7_system_administrators_guide.txt,redhat_rhel7_system_administrators_guide.txt_chunk_0535,350
redhat_rhel7_system_administrators_guide.txt,redhat_rhel7_system_administrators_guide.txt_chunk_0536,350
redhat_rhel7_system_administrators_guide.txt,redhat_rhel7_system_administrators_guide.txt_chunk_0537,350
redhat_rhel7_system_administrators_guide.txt,redhat_rhel7_system_administrators_guide.txt_chunk_0538,350
redhat_rhel7_system_administrators_guide.txt,redhat_rhel7_system_administrators_guide.txt_chunk_0539,350
redhat_rhel7_system_administrators_guide.txt,redhat_rhel7_system_administrators_guide.txt_chunk_0540,350
redhat_rhel7_system_administrators_guide.txt,redhat_rhel7_system_administrators_guide.txt_chunk_0541,350
redhat_rhel7_system_administrators_guide.txt,redhat_rhel7_system_administrators_guide.txt_chunk_0542,350
redhat_rhel7_system_administrators_guide.txt,redhat_rhel7_system_administrators_guide.txt_chunk_0543,350
redhat_rhel7_system_administrators_guide.txt,redhat_rhel7_system_administrators_guide.txt_chunk_0544,350
redhat_rhel7_system_administrators_guide.txt,redhat_rhel7_system_administrators_guide.txt_chunk_0545,350
redhat_rhel7_system_administrators_guide.txt,redhat_rhel7_system_administrators_guide.txt_chunk_0546,350
redhat_rhel7_system_administrators_guide.txt,redhat_rhel7_system_administrators_guide.txt_chunk_0547,350
redhat_rhel7_system_administrators_guide.txt,redhat_rhel7_system_administrators_guide.txt_chunk_0548,350
redhat_rhel7_system_administrators_guide.txt,redhat_rhel7_system_administrators_guide.txt_chunk_0549,350
redhat_rhel7_system_administrators_guide.txt,redhat_rhel7_system_administrators_guide.txt_chunk_0550,350
redhat_rhel7_system_administrators_guide.txt,redhat_rhel7_system_administrators_guide.txt_chunk_0551,350
redhat_rhel7_system_administrators_guide.txt,redhat_rhel7_system_administrators_guide.txt_chunk_0552,350
redhat_rhel7_system_administrators_guide.txt,redhat_rhel7_system_administrators_guide.txt_chunk_0553,350
redhat_rhel7_system_administrators_guide.txt,redhat_rhel7_system_administrators_guide.txt_chunk_0554,350
redhat_rhel7_system_administrators_guide.txt,redhat_rhel7_system_administrators_guide.txt_chunk_0555,350
redhat_rhel7_system_administrators_guide.txt,redhat_rhel7_system_administrators_guide.txt_chunk_0556,350
redhat_rhel7_system_administrators_guide.txt,redhat_rhel7_system_administrators_guide.txt_chunk_0557,350
redhat_rhel7_system_administrators_guide.txt,redhat_rhel7_system_administrators_guide.txt_chunk_0558,350
redhat_rhel7_system_administrators_guide.txt,redhat_rhel7_system_administrators_guide.txt_chunk_0559,350
redhat_rhel7_system_administrators_guide.txt,redhat_rhel7_system_administrators_guide.txt_chunk_0560,350
redhat_rhel7_system_administrators_guide.txt,redhat_rhel7_system_administrators_guide.txt_chunk_0561,350
redhat_rhel7_system_administrators_guide.txt,redhat_rhel7_system_administrators_guide.txt_chunk_0562,350
redhat_rhel7_system_administrators_guide.txt,redhat_rhel7_system_administrators_guide.txt_chunk_0563,350
redhat_rhel7_system_administrators_guide.txt,redhat_rhel7_system_administrators_guide.txt_chunk_0564,350
redhat_rhel7_system_administrators_guide.txt,redhat_rhel7_system_administrators_guide.txt_chunk_0565,350
redhat_rhel7_system_administrators_guide.txt,redhat_rhel7_system_administrators_guide.txt_chunk_0566,350
redhat_rhel7_system_administrators_guide.txt,redhat_rhel7_system_administrators_guide.txt_chunk_0567,350
redhat_rhel7_system_administrators_guide.txt,redhat_rhel7_system_administrators_guide.txt_chunk_0568,350
redhat_rhel7_system_administrators_guide.txt,redhat_rhel7_system_administrators_guide.txt_chunk_0569,350
redhat_rhel7_system_administrators_guide.txt,redhat_rhel7_system_administrators_guide.txt_chunk_0570,350
redhat_rhel7_system_administrators_guide.txt,redhat_rhel7_system_administrators_guide.txt_chunk_0571,350
redhat_rhel7_system_administrators_guide.txt,redhat_rhel7_system_administrators_guide.txt_chunk_0572,350
redhat_rhel7_system_administrators_guide.txt,redhat_rhel7_system_administrators_guide.txt_chunk_0573,350
redhat_rhel7_system_administrators_guide.txt,redhat_rhel7_system_administrators_guide.txt_chunk_0574,350
redhat_rhel7_system_administrators_guide.txt,redhat_rhel7_system_administrators_guide.txt_chunk_0575,350
redhat_rhel7_system_administrators_guide.txt,redhat_rhel7_system_administrators_guide.txt_chunk_0576,350
redhat_rhel7_system_administrators_guide.txt,redhat_rhel7_system_administrators_guide.txt_chunk_0577,350
redhat_rhel7_system_administrators_guide.txt,redhat_rhel7_system_administrators_guide.txt_chunk_0578,350
redhat_rhel7_system_administrators_guide.txt,redhat_rhel7_system_administrators_guide.txt_chunk_0579,350
redhat_rhel7_system_administrators_guide.txt,redhat_rhel7_system_administrators_guide.txt_chunk_0580,350
redhat_rhel7_system_administrators_guide.txt,redhat_rhel7_system_administrators_guide.txt_chunk_0581,350
redhat_rhel7_system_administrators_guide.txt,redhat_rhel7_system_administrators_guide.txt_chunk_0582,350
redhat_rhel7_system_administrators_guide.txt,redhat_rhel7_system_administrators_guide.txt_chunk_0583,350
redhat_rhel7_system_administrators_guide.txt,redhat_rhel7_system_administrators_guide.txt_chunk_0584,350
redhat_rhel7_system_administrators_guide.txt,redhat_rhel7_system_administrators_guide.txt_chunk_0585,350
redhat_rhel7_system_administrators_guide.txt,redhat_rhel7_system_administrators_guide.txt_chunk_0586,350
redhat_rhel7_system_administrators_guide.txt,redhat_rhel7_system_administrators_guide.txt_chunk_0587,350
redhat_rhel7_system_administrators_guide.txt,redhat_rhel7_system_administrators_guide.txt_chunk_0588,350
redhat_rhel7_system_administrators_guide.txt,redhat_rhel7_system_administrators_guide.txt_chunk_0589,350
redhat_rhel7_system_administrators_guide.txt,redhat_rhel7_system_administrators_guide.txt_chunk_0590,350
redhat_rhel7_system_administrators_guide.txt,redhat_rhel7_system_administrators_guide.txt_chunk_0591,350
redhat_rhel7_system_administrators_guide.txt,redhat_rhel7_system_administrators_guide.txt_chunk_0592,350
redhat_rhel7_system_administrators_guide.txt,redhat_rhel7_system_administrators_guide.txt_chunk_0593,350
redhat_rhel7_system_administrators_guide.txt,redhat_rhel7_system_administrators_guide.txt_chunk_0594,350
redhat_rhel7_system_administrators_guide.txt,redhat_rhel7_system_administrators_guide.txt_chunk_0595,350
redhat_rhel7_system_administrators_guide.txt,redhat_rhel7_system_administrators_guide.txt_chunk_0596,350
redhat_rhel7_system_administrators_guide.txt,redhat_rhel7_system_administrators_guide.txt_chunk_0597,350
redhat_rhel7_system_administrators_guide.txt,redhat_rhel7_system_administrators_guide.txt_chunk_0598,350
redhat_rhel7_system_administrators_guide.txt,redhat_rhel7_system_administrators_guide.txt_chunk_0599,350
redhat_rhel7_system_administrators_guide.txt,redhat_rhel7_system_administrators_guide.txt_chunk_0600,350
redhat_rhel7_system_administrators_guide.txt,redhat_rhel7_system_administrators_guide.txt_chunk_0601,350
redhat_rhel7_system_administrators_guide.txt,redhat_rhel7_system_administrators_guide.txt_chunk_0602,350
redhat_rhel7_system_administrators_guide.txt,redhat_rhel7_system_administrators_guide.txt_chunk_0603,350
redhat_rhel7_system_administrators_guide.txt,redhat_rhel7_system_administrators_guide.txt_chunk_0604,232
servicenow_incident_management.txt,servicenow_incident_management.txt_chunk_0001,350
servicenow_incident_management.txt,servicenow_incident_management.txt_chunk_0002,350
servicenow_incident_management.txt,servicenow_incident_management.txt_chunk_0003,350
servicenow_incident_management.txt,servicenow_incident_management.txt_chunk_0004,350
servicenow_incident_management.txt,servicenow_incident_management.txt_chunk_0005,350
servicenow_incident_management.txt,servicenow_incident_management.txt_chunk_0006,350
servicenow_incident_management.txt,servicenow_incident_management.txt_chunk_0007,350
servicenow_incident_management.txt,servicenow_incident_management.txt_chunk_0008,350
servicenow_incident_management.txt,servicenow_incident_management.txt_chunk_0009,350
servicenow_incident_management.txt,servicenow_incident_management.txt_chunk_0010,350
servicenow_incident_management.txt,servicenow_incident_management.txt_chunk_0011,350
servicenow_incident_management.txt,servicenow_incident_management.txt_chunk_0012,350
servicenow_incident_management.txt,servicenow_incident_management.txt_chunk_0013,350
servicenow_incident_management.txt,servicenow_incident_management.txt_chunk_0014,350
servicenow_incident_management.txt,servicenow_incident_management.txt_chunk_0015,350
servicenow_incident_management.txt,servicenow_incident_management.txt_chunk_0016,350
servicenow_incident_management.txt,servicenow_incident_management.txt_chunk_0017,350
servicenow_incident_management.txt,servicenow_incident_management.txt_chunk_0018,350
servicenow_incident_management.txt,servicenow_incident_management.txt_chunk_0019,350
servicenow_incident_management.txt,servicenow_incident_management.txt_chunk_0020,350
servicenow_incident_management.txt,servicenow_incident_management.txt_chunk_0021,350
servicenow_incident_management.txt,servicenow_incident_management.txt_chunk_0022,350
servicenow_incident_management.txt,servicenow_incident_management.txt_chunk_0023,350
servicenow_incident_management.txt,servicenow_incident_management.txt_chunk_0024,350
servicenow_incident_management.txt,servicenow_incident_management.txt_chunk_0025,350
servicenow_incident_management.txt,servicenow_incident_management.txt_chunk_0026,350
servicenow_incident_management.txt,servicenow_incident_management.txt_chunk_0027,350
servicenow_incident_management.txt,servicenow_incident_management.txt_chunk_0028,350
servicenow_incident_management.txt,servicenow_incident_management.txt_chunk_0029,350
servicenow_incident_management.txt,servicenow_incident_management.txt_chunk_0030,350
servicenow_incident_management.txt,servicenow_incident_management.txt_chunk_0031,350
servicenow_incident_management.txt,servicenow_incident_management.txt_chunk_0032,350
servicenow_incident_management.txt,servicenow_incident_management.txt_chunk_0033,350
servicenow_incident_management.txt,servicenow_incident_management.txt_chunk_0034,350
servicenow_incident_management.txt,servicenow_incident_management.txt_chunk_0035,350
servicenow_incident_management.txt,servicenow_incident_management.txt_chunk_0036,350
servicenow_incident_management.txt,servicenow_incident_management.txt_chunk_0037,350
servicenow_incident_management.txt,servicenow_incident_management.txt_chunk_0038,350
servicenow_incident_management.txt,servicenow_incident_management.txt_chunk_0039,350
servicenow_incident_management.txt,servicenow_incident_management.txt_chunk_0040,350
servicenow_incident_management.txt,servicenow_incident_management.txt_chunk_0041,350
servicenow_incident_management.txt,servicenow_incident_management.txt_chunk_0042,350
servicenow_incident_management.txt,servicenow_incident_management.txt_chunk_0043,350
servicenow_incident_management.txt,servicenow_incident_management.txt_chunk_0044,350
servicenow_incident_management.txt,servicenow_incident_management.txt_chunk_0045,350
servicenow_incident_management.txt,servicenow_incident_management.txt_chunk_0046,350
servicenow_incident_management.txt,servicenow_incident_management.txt_chunk_0047,350
servicenow_incident_management.txt,servicenow_incident_management.txt_chunk_0048,350
servicenow_incident_management.txt,servicenow_incident_management.txt_chunk_0049,350
servicenow_incident_management.txt,servicenow_incident_management.txt_chunk_0050,350
servicenow_incident_management.txt,servicenow_incident_management.txt_chunk_0051,350
servicenow_incident_management.txt,servicenow_incident_management.txt_chunk_0052,350
servicenow_incident_management.txt,servicenow_incident_management.txt_chunk_0053,350
servicenow_incident_management.txt,servicenow_incident_management.txt_chunk_0054,350
servicenow_incident_management.txt,servicenow_incident_management.txt_chunk_0055,350
servicenow_incident_management.txt,servicenow_incident_management.txt_chunk_0056,350
servicenow_incident_management.txt,servicenow_incident_management.txt_chunk_0057,350
servicenow_incident_management.txt,servicenow_incident_management.txt_chunk_0058,350
servicenow_incident_management.txt,servicenow_incident_management.txt_chunk_0059,350
servicenow_incident_management.txt,servicenow_incident_management.txt_chunk_0060,350
servicenow_incident_management.txt,servicenow_incident_management.txt_chunk_0061,350
servicenow_incident_management.txt,servicenow_incident_management.txt_chunk_0062,350
servicenow_incident_management.txt,servicenow_incident_management.txt_chunk_0063,350
servicenow_incident_management.txt,servicenow_incident_management.txt_chunk_0064,350
servicenow_incident_management.txt,servicenow_incident_management.txt_chunk_0065,350
servicenow_incident_management.txt,servicenow_incident_management.txt_chunk_0066,350
servicenow_incident_management.txt,servicenow_incident_management.txt_chunk_0067,350
servicenow_incident_management.txt,servicenow_incident_management.txt_chunk_0068,350
servicenow_incident_management.txt,servicenow_incident_management.txt_chunk_0069,350
servicenow_incident_management.txt,servicenow_incident_management.txt_chunk_0070,350
servicenow_incident_management.txt,servicenow_incident_management.txt_chunk_0071,350
servicenow_incident_management.txt,servicenow_incident_management.txt_chunk_0072,350
servicenow_incident_management.txt,servicenow_incident_management.txt_chunk_0073,350
servicenow_incident_management.txt,servicenow_incident_management.txt_chunk_0074,350
servicenow_incident_management.txt,servicenow_incident_management.txt_chunk_0075,350
ubuntu_server_documentation.txt,ubuntu_server_documentation.txt_chunk_0001,350
ubuntu_server_documentation.txt,ubuntu_server_documentation.txt_chunk_0002,350
ubuntu_server_documentation.txt,ubuntu_server_documentation.txt_chunk_0003,350
ubuntu_server_documentation.txt,ubuntu_server_documentation.txt_chunk_0004,350
ubuntu_server_documentation.txt,ubuntu_server_documentation.txt_chunk_0005,350
ubuntu_server_documentation.txt,ubuntu_server_documentation.txt_chunk_0006,350
ubuntu_server_documentation.txt,ubuntu_server_documentation.txt_chunk_0007,350
ubuntu_server_documentation.txt,ubuntu_server_documentation.txt_chunk_0008,350
ubuntu_server_documentation.txt,ubuntu_server_documentation.txt_chunk_0009,350
ubuntu_server_documentation.txt,ubuntu_server_documentation.txt_chunk_0010,350
ubuntu_server_documentation.txt,ubuntu_server_documentation.txt_chunk_0011,350
ubuntu_server_documentation.txt,ubuntu_server_documentation.txt_chunk_0012,350
ubuntu_server_documentation.txt,ubuntu_server_documentation.txt_chunk_0013,350
ubuntu_server_documentation.txt,ubuntu_server_documentation.txt_chunk_0014,350
ubuntu_server_documentation.txt,ubuntu_server_documentation.txt_chunk_0015,350
ubuntu_server_documentation.txt,ubuntu_server_documentation.txt_chunk_0016,350
ubuntu_server_documentation.txt,ubuntu_server_documentation.txt_chunk_0017,350
ubuntu_server_documentation.txt,ubuntu_server_documentation.txt_chunk_0018,350
ubuntu_server_documentation.txt,ubuntu_server_documentation.txt_chunk_0019,350
ubuntu_server_documentation.txt,ubuntu_server_documentation.txt_chunk_0020,350
ubuntu_server_documentation.txt,ubuntu_server_documentation.txt_chunk_0021,350
ubuntu_server_documentation.txt,ubuntu_server_documentation.txt_chunk_0022,350
ubuntu_server_documentation.txt,ubuntu_server_documentation.txt_chunk_0023,350
ubuntu_server_documentation.txt,ubuntu_server_documentation.txt_chunk_0024,350
ubuntu_server_documentation.txt,ubuntu_server_documentation.txt_chunk_0025,350
ubuntu_server_documentation.txt,ubuntu_server_documentation.txt_chunk_0026,350
ubuntu_server_documentation.txt,ubuntu_server_documentation.txt_chunk_0027,350
ubuntu_server_documentation.txt,ubuntu_server_documentation.txt_chunk_0028,350
ubuntu_server_documentation.txt,ubuntu_server_documentation.txt_chunk_0029,350
ubuntu_server_documentation.txt,ubuntu_server_documentation.txt_chunk_0030,350
ubuntu_server_documentation.txt,ubuntu_server_documentation.txt_chunk_0031,350
ubuntu_server_documentation.txt,ubuntu_server_documentation.txt_chunk_0032,350
ubuntu_server_documentation.txt,ubuntu_server_documentation.txt_chunk_0033,350
ubuntu_server_documentation.txt,ubuntu_server_documentation.txt_chunk_0034,350
ubuntu_server_documentation.txt,ubuntu_server_documentation.txt_chunk_0035,350
ubuntu_server_documentation.txt,ubuntu_server_documentation.txt_chunk_0036,350
ubuntu_server_documentation.txt,ubuntu_server_documentation.txt_chunk_0037,350
ubuntu_server_documentation.txt,ubuntu_server_documentation.txt_chunk_0038,350
ubuntu_server_documentation.txt,ubuntu_server_documentation.txt_chunk_0039,350
ubuntu_server_documentation.txt,ubuntu_server_documentation.txt_chunk_0040,350
ubuntu_server_documentation.txt,ubuntu_server_documentation.txt_chunk_0041,350
ubuntu_server_documentation.txt,ubuntu_server_documentation.txt_chunk_0042,350
ubuntu_server_documentation.txt,ubuntu_server_documentation.txt_chunk_0043,350
ubuntu_server_documentation.txt,ubuntu_server_documentation.txt_chunk_0044,350
ubuntu_server_documentation.txt,ubuntu_server_documentation.txt_chunk_0045,350
ubuntu_server_documentation.txt,ubuntu_server_documentation.txt_chunk_0046,350
ubuntu_server_documentation.txt,ubuntu_server_documentation.txt_chunk_0047,350
ubuntu_server_documentation.txt,ubuntu_server_documentation.txt_chunk_0048,350
ubuntu_server_documentation.txt,ubuntu_server_documentation.txt_chunk_0049,350
ubuntu_server_documentation.txt,ubuntu_server_documentation.txt_chunk_0050,350
ubuntu_server_documentation.txt,ubuntu_server_documentation.txt_chunk_0051,350
ubuntu_server_documentation.txt,ubuntu_server_documentation.txt_chunk_0052,350
ubuntu_server_documentation.txt,ubuntu_server_documentation.txt_chunk_0053,350
ubuntu_server_documentation.txt,ubuntu_server_documentation.txt_chunk_0054,350
ubuntu_server_documentation.txt,ubuntu_server_documentation.txt_chunk_0055,350
ubuntu_server_documentation.txt,ubuntu_server_documentation.txt_chunk_0056,350
ubuntu_server_documentation.txt,ubuntu_server_documentation.txt_chunk_0057,350
ubuntu_server_documentation.txt,ubuntu_server_documentation.txt_chunk_0058,350
ubuntu_server_documentation.txt,ubuntu_server_documentation.txt_chunk_0059,350
ubuntu_server_documentation.txt,ubuntu_server_documentation.txt_chunk_0060,350
ubuntu_server_documentation.txt,ubuntu_server_documentation.txt_chunk_0061,350
ubuntu_server_documentation.txt,ubuntu_server_documentation.txt_chunk_0062,350
ubuntu_server_documentation.txt,ubuntu_server_documentation.txt_chunk_0063,350
ubuntu_server_documentation.txt,ubuntu_server_documentation.txt_chunk_0064,350
ubuntu_server_documentation.txt,ubuntu_server_documentation.txt_chunk_0065,350
ubuntu_server_documentation.txt,ubuntu_server_documentation.txt_chunk_0066,350
ubuntu_server_documentation.txt,ubuntu_server_documentation.txt_chunk_0067,350
ubuntu_server_documentation.txt,ubuntu_server_documentation.txt_chunk_0068,350
ubuntu_server_documentation.txt,ubuntu_server_documentation.txt_chunk_0069,350
ubuntu_server_documentation.txt,ubuntu_server_documentation.txt_chunk_0070,350
ubuntu_server_documentation.txt,ubuntu_server_documentation.txt_chunk_0071,350
ubuntu_server_documentation.txt,ubuntu_server_documentation.txt_chunk_0072,350
ubuntu_server_documentation.txt,ubuntu_server_documentation.txt_chunk_0073,350
ubuntu_server_documentation.txt,ubuntu_server_documentation.txt_chunk_0074,350
ubuntu_server_documentation.txt,ubuntu_server_documentation.txt_chunk_0075,350
ubuntu_server_documentation.txt,ubuntu_server_documentation.txt_chunk_0076,350
ubuntu_server_documentation.txt,ubuntu_server_documentation.txt_chunk_0077,350
ubuntu_server_documentation.txt,ubuntu_server_documentation.txt_chunk_0078,350
ubuntu_server_documentation.txt,ubuntu_server_documentation.txt_chunk_0079,350
ubuntu_server_documentation.txt,ubuntu_server_documentation.txt_chunk_0080,350
ubuntu_server_documentation.txt,ubuntu_server_documentation.txt_chunk_0081,350
ubuntu_server_documentation.txt,ubuntu_server_documentation.txt_chunk_0082,350
ubuntu_server_documentation.txt,ubuntu_server_documentation.txt_chunk_0083,350
ubuntu_server_documentation.txt,ubuntu_server_documentation.txt_chunk_0084,350
ubuntu_server_documentation.txt,ubuntu_server_documentation.txt_chunk_0085,350
ubuntu_server_documentation.txt,ubuntu_server_documentation.txt_chunk_0086,350
ubuntu_server_documentation.txt,ubuntu_server_documentation.txt_chunk_0087,350
ubuntu_server_documentation.txt,ubuntu_server_documentation.txt_chunk_0088,350
ubuntu_server_documentation.txt,ubuntu_server_documentation.txt_chunk_0089,350
ubuntu_server_documentation.txt,ubuntu_server_documentation.txt_chunk_0090,350
ubuntu_server_documentation.txt,ubuntu_server_documentation.txt_chunk_0091,350
ubuntu_server_documentation.txt,ubuntu_server_documentation.txt_chunk_0092,350
ubuntu_server_documentation.txt,ubuntu_server_documentation.txt_chunk_0093,350
ubuntu_server_documentation.txt,ubuntu_server_documentation.txt_chunk_0094,350
ubuntu_server_documentation.txt,ubuntu_server_documentation.txt_chunk_0095,350
ubuntu_server_documentation.txt,ubuntu_server_documentation.txt_chunk_0096,350
ubuntu_server_documentation.txt,ubuntu_server_documentation.txt_chunk_0097,350
ubuntu_server_documentation.txt,ubuntu_server_documentation.txt_chunk_0098,350
ubuntu_server_documentation.txt,ubuntu_server_documentation.txt_chunk_0099,350
ubuntu_server_documentation.txt,ubuntu_server_documentation.txt_chunk_0100,350
ubuntu_server_documentation.txt,ubuntu_server_documentation.txt_chunk_0101,350
ubuntu_server_documentation.txt,ubuntu_server_documentation.txt_chunk_0102,350
ubuntu_server_documentation.txt,ubuntu_server_documentation.txt_chunk_0103,350
ubuntu_server_documentation.txt,ubuntu_server_documentation.txt_chunk_0104,350
ubuntu_server_documentation.txt,ubuntu_server_documentation.txt_chunk_0105,350
ubuntu_server_documentation.txt,ubuntu_server_documentation.txt_chunk_0106,350
ubuntu_server_documentation.txt,ubuntu_server_documentation.txt_chunk_0107,350
ubuntu_server_documentation.txt,ubuntu_server_documentation.txt_chunk_0108,350
ubuntu_server_documentation.txt,ubuntu_server_documentation.txt_chunk_0109,350
ubuntu_server_documentation.txt,ubuntu_server_documentation.txt_chunk_0110,350
ubuntu_server_documentation.txt,ubuntu_server_documentation.txt_chunk_0111,350
ubuntu_server_documentation.txt,ubuntu_server_documentation.txt_chunk_0112,350
ubuntu_server_documentation.txt,ubuntu_server_documentation.txt_chunk_0113,350
ubuntu_server_documentation.txt,ubuntu_server_documentation.txt_chunk_0114,350
ubuntu_server_documentation.txt,ubuntu_server_documentation.txt_chunk_0115,350
ubuntu_server_documentation.txt,ubuntu_server_documentation.txt_chunk_0116,350
ubuntu_server_documentation.txt,ubuntu_server_documentation.txt_chunk_0117,350
ubuntu_server_documentation.txt,ubuntu_server_documentation.txt_chunk_0118,350
ubuntu_server_documentation.txt,ubuntu_server_documentation.txt_chunk_0119,350
ubuntu_server_documentation.txt,ubuntu_server_documentation.txt_chunk_0120,350
ubuntu_server_documentation.txt,ubuntu_server_documentation.txt_chunk_0121,350
ubuntu_server_documentation.txt,ubuntu_server_documentation.txt_chunk_0122,350
ubuntu_server_documentation.txt,ubuntu_server_documentation.txt_chunk_0123,350
ubuntu_server_documentation.txt,ubuntu_server_documentation.txt_chunk_0124,350
ubuntu_server_documentation.txt,ubuntu_server_documentation.txt_chunk_0125,350
ubuntu_server_documentation.txt,ubuntu_server_documentation.txt_chunk_0126,350
ubuntu_server_documentation.txt,ubuntu_server_documentation.txt_chunk_0127,350
ubuntu_server_documentation.txt,ubuntu_server_documentation.txt_chunk_0128,350
ubuntu_server_documentation.txt,ubuntu_server_documentation.txt_chunk_0129,350
ubuntu_server_documentation.txt,ubuntu_server_documentation.txt_chunk_0130,350
ubuntu_server_documentation.txt,ubuntu_server_documentation.txt_chunk_0131,350
ubuntu_server_documentation.txt,ubuntu_server_documentation.txt_chunk_0132,350
ubuntu_server_documentation.txt,ubuntu_server_documentation.txt_chunk_0133,350
ubuntu_server_documentation.txt,ubuntu_server_documentation.txt_chunk_0134,350
ubuntu_server_documentation.txt,ubuntu_server_documentation.txt_chunk_0135,350
ubuntu_server_documentation.txt,ubuntu_server_documentation.txt_chunk_0136,350
ubuntu_server_documentation.txt,ubuntu_server_documentation.txt_chunk_0137,350
ubuntu_server_documentation.txt,ubuntu_server_documentation.txt_chunk_0138,350
ubuntu_server_documentation.txt,ubuntu_server_documentation.txt_chunk_0139,350
ubuntu_server_documentation.txt,ubuntu_server_documentation.txt_chunk_0140,350
ubuntu_server_documentation.txt,ubuntu_server_documentation.txt_chunk_0141,350
ubuntu_server_documentation.txt,ubuntu_server_documentation.txt_chunk_0142,350
ubuntu_server_documentation.txt,ubuntu_server_documentation.txt_chunk_0143,350
ubuntu_server_documentation.txt,ubuntu_server_documentation.txt_chunk_0144,350
ubuntu_server_documentation.txt,ubuntu_server_documentation.txt_chunk_0145,350
ubuntu_server_documentation.txt,ubuntu_server_documentation.txt_chunk_0146,350
ubuntu_server_documentation.txt,ubuntu_server_documentation.txt_chunk_0147,350
ubuntu_server_documentation.txt,ubuntu_server_documentation.txt_chunk_0148,350
ubuntu_server_documentation.txt,ubuntu_server_documentation.txt_chunk_0149,350
ubuntu_server_documentation.txt,ubuntu_server_documentation.txt_chunk_0150,350
ubuntu_server_documentation.txt,ubuntu_server_documentation.txt_chunk_0151,350
ubuntu_server_documentation.txt,ubuntu_server_documentation.txt_chunk_0152,350
ubuntu_server_documentation.txt,ubuntu_server_documentation.txt_chunk_0153,350
ubuntu_server_documentation.txt,ubuntu_server_documentation.txt_chunk_0154,350
ubuntu_server_documentation.txt,ubuntu_server_documentation.txt_chunk_0155,350
ubuntu_server_documentation.txt,ubuntu_server_documentation.txt_chunk_0156,350
ubuntu_server_documentation.txt,ubuntu_server_documentation.txt_chunk_0157,350
ubuntu_server_documentation.txt,ubuntu_server_documentation.txt_chunk_0158,350
ubuntu_server_documentation.txt,ubuntu_server_documentation.txt_chunk_0159,350
ubuntu_server_documentation.txt,ubuntu_server_documentation.txt_chunk_0160,350
ubuntu_server_documentation.txt,ubuntu_server_documentation.txt_chunk_0161,350
ubuntu_server_documentation.txt,ubuntu_server_documentation.txt_chunk_0162,350
ubuntu_server_documentation.txt,ubuntu_server_documentation.txt_chunk_0163,350
ubuntu_server_documentation.txt,ubuntu_server_documentation.txt_chunk_0164,350
ubuntu_server_documentation.txt,ubuntu_server_documentation.txt_chunk_0165,350
ubuntu_server_documentation.txt,ubuntu_server_documentation.txt_chunk_0166,350
ubuntu_server_documentation.txt,ubuntu_server_documentation.txt_chunk_0167,350
ubuntu_server_documentation.txt,ubuntu_server_documentation.txt_chunk_0168,350
ubuntu_server_documentation.txt,ubuntu_server_documentation.txt_chunk_0169,350
ubuntu_server_documentation.txt,ubuntu_server_documentation.txt_chunk_0170,350
ubuntu_server_documentation.txt,ubuntu_server_documentation.txt_chunk_0171,350
ubuntu_server_documentation.txt,ubuntu_server_documentation.txt_chunk_0172,350
ubuntu_server_documentation.txt,ubuntu_server_documentation.txt_chunk_0173,350
ubuntu_server_documentation.txt,ubuntu_server_documentation.txt_chunk_0174,350
ubuntu_server_documentation.txt,ubuntu_server_documentation.txt_chunk_0175,350
ubuntu_server_documentation.txt,ubuntu_server_documentation.txt_chunk_0176,350
ubuntu_server_documentation.txt,ubuntu_server_documentation.txt_chunk_0177,350
ubuntu_server_documentation.txt,ubuntu_server_documentation.txt_chunk_0178,350
ubuntu_server_documentation.txt,ubuntu_server_documentation.txt_chunk_0179,350
ubuntu_server_documentation.txt,ubuntu_server_documentation.txt_chunk_0180,350
ubuntu_server_documentation.txt,ubuntu_server_documentation.txt_chunk_0181,350
ubuntu_server_documentation.txt,ubuntu_server_documentation.txt_chunk_0182,350
ubuntu_server_documentation.txt,ubuntu_server_documentation.txt_chunk_0183,350
ubuntu_server_documentation.txt,ubuntu_server_documentation.txt_chunk_0184,350
ubuntu_server_documentation.txt,ubuntu_server_documentation.txt_chunk_0185,350
ubuntu_server_documentation.txt,ubuntu_server_documentation.txt_chunk_0186,350
ubuntu_server_documentation.txt,ubuntu_server_documentation.txt_chunk_0187,350
ubuntu_server_documentation.txt,ubuntu_server_documentation.txt_chunk_0188,350
ubuntu_server_documentation.txt,ubuntu_server_documentation.txt_chunk_0189,350
ubuntu_server_documentation.txt,ubuntu_server_documentation.txt_chunk_0190,350
ubuntu_server_documentation.txt,ubuntu_server_documentation.txt_chunk_0191,350
ubuntu_server_documentation.txt,ubuntu_server_documentation.txt_chunk_0192,350
ubuntu_server_documentation.txt,ubuntu_server_documentation.txt_chunk_0193,350
ubuntu_server_documentation.txt,ubuntu_server_documentation.txt_chunk_0194,350
ubuntu_server_documentation.txt,ubuntu_server_documentation.txt_chunk_0195,350
ubuntu_server_documentation.txt,ubuntu_server_documentation.txt_chunk_0196,350
ubuntu_server_documentation.txt,ubuntu_server_documentation.txt_chunk_0197,350
ubuntu_server_documentation.txt,ubuntu_server_documentation.txt_chunk_0198,350
ubuntu_server_documentation.txt,ubuntu_server_documentation.txt_chunk_0199,350
ubuntu_server_documentation.txt,ubuntu_server_documentation.txt_chunk_0200,350
ubuntu_server_documentation.txt,ubuntu_server_documentation.txt_chunk_0201,350
ubuntu_server_documentation.txt,ubuntu_server_documentation.txt_chunk_0202,350
ubuntu_server_documentation.txt,ubuntu_server_documentation.txt_chunk_0203,350
ubuntu_server_documentation.txt,ubuntu_server_documentation.txt_chunk_0204,350
ubuntu_server_documentation.txt,ubuntu_server_documentation.txt_chunk_0205,350
ubuntu_server_documentation.txt,ubuntu_server_documentation.txt_chunk_0206,350
ubuntu_server_documentation.txt,ubuntu_server_documentation.txt_chunk_0207,350
ubuntu_server_documentation.txt,ubuntu_server_documentation.txt_chunk_0208,350
ubuntu_server_documentation.txt,ubuntu_server_documentation.txt_chunk_0209,350
ubuntu_server_documentation.txt,ubuntu_server_documentation.txt_chunk_0210,350
ubuntu_server_documentation.txt,ubuntu_server_documentation.txt_chunk_0211,350
ubuntu_server_documentation.txt,ubuntu_server_documentation.txt_chunk_0212,350
ubuntu_server_documentation.txt,ubuntu_server_documentation.txt_chunk_0213,350
ubuntu_server_documentation.txt,ubuntu_server_documentation.txt_chunk_0214,350
ubuntu_server_documentation.txt,ubuntu_server_documentation.txt_chunk_0215,350
ubuntu_server_documentation.txt,ubuntu_server_documentation.txt_chunk_0216,350
ubuntu_server_documentation.txt,ubuntu_server_documentation.txt_chunk_0217,350
ubuntu_server_documentation.txt,ubuntu_server_documentation.txt_chunk_0218,350
ubuntu_server_documentation.txt,ubuntu_server_documentation.txt_chunk_0219,350
ubuntu_server_documentation.txt,ubuntu_server_documentation.txt_chunk_0220,350
ubuntu_server_documentation.txt,ubuntu_server_documentation.txt_chunk_0221,350
ubuntu_server_documentation.txt,ubuntu_server_documentation.txt_chunk_0222,350
ubuntu_server_documentation.txt,ubuntu_server_documentation.txt_chunk_0223,350
ubuntu_server_documentation.txt,ubuntu_server_documentation.txt_chunk_0224,350
ubuntu_server_documentation.txt,ubuntu_server_documentation.txt_chunk_0225,350
ubuntu_server_documentation.txt,ubuntu_server_documentation.txt_chunk_0226,350
ubuntu_server_documentation.txt,ubuntu_server_documentation.txt_chunk_0227,350
ubuntu_server_documentation.txt,ubuntu_server_documentation.txt_chunk_0228,350
ubuntu_server_documentation.txt,ubuntu_server_documentation.txt_chunk_0229,350
ubuntu_server_documentation.txt,ubuntu_server_documentation.txt_chunk_0230,350
ubuntu_server_documentation.txt,ubuntu_server_documentation.txt_chunk_0231,350
ubuntu_server_documentation.txt,ubuntu_server_documentation.txt_chunk_0232,350
ubuntu_server_documentation.txt,ubuntu_server_documentation.txt_chunk_0233,350
ubuntu_server_documentation.txt,ubuntu_server_documentation.txt_chunk_0234,350
ubuntu_server_documentation.txt,ubuntu_server_documentation.txt_chunk_0235,350
ubuntu_server_documentation.txt,ubuntu_server_documentation.txt_chunk_0236,350
ubuntu_server_documentation.txt,ubuntu_server_documentation.txt_chunk_0237,350
ubuntu_server_documentation.txt,ubuntu_server_documentation.txt_chunk_0238,350
ubuntu_server_documentation.txt,ubuntu_server_documentation.txt_chunk_0239,350
ubuntu_server_documentation.txt,ubuntu_server_documentation.txt_chunk_0240,350
ubuntu_server_documentation.txt,ubuntu_server_documentation.txt_chunk_0241,350
ubuntu_server_documentation.txt,ubuntu_server_documentation.txt_chunk_0242,350
ubuntu_server_documentation.txt,ubuntu_server_documentation.txt_chunk_0243,350
ubuntu_server_documentation.txt,ubuntu_server_documentation.txt_chunk_0244,350
ubuntu_server_documentation.txt,ubuntu_server_documentation.txt_chunk_0245,350
ubuntu_server_documentation.txt,ubuntu_server_documentation.txt_chunk_0246,350
ubuntu_server_documentation.txt,ubuntu_server_documentation.txt_chunk_0247,350
ubuntu_server_documentation.txt,ubuntu_server_documentation.txt_chunk_0248,350
ubuntu_server_documentation.txt,ubuntu_server_documentation.txt_chunk_0249,350
ubuntu_server_documentation.txt,ubuntu_server_documentation.txt_chunk_0250,350
ubuntu_server_documentation.txt,ubuntu_server_documentation.txt_chunk_0251,350
ubuntu_server_documentation.txt,ubuntu_server_documentation.txt_chunk_0252,350
ubuntu_server_documentation.txt,ubuntu_server_documentation.txt_chunk_0253,350
ubuntu_server_documentation.txt,ubuntu_server_documentation.txt_chunk_0254,350
ubuntu_server_documentation.txt,ubuntu_server_documentation.txt_chunk_0255,350
ubuntu_server_documentation.txt,ubuntu_server_documentation.txt_chunk_0256,350
ubuntu_server_documentation.txt,ubuntu_server_documentation.txt_chunk_0257,350
ubuntu_server_documentation.txt,ubuntu_server_documentation.txt_chunk_0258,350
ubuntu_server_documentation.txt,ubuntu_server_documentation.txt_chunk_0259,350
ubuntu_server_documentation.txt,ubuntu_server_documentation.txt_chunk_0260,350
ubuntu_server_documentation.txt,ubuntu_server_documentation.txt_chunk_0261,350
ubuntu_server_documentation.txt,ubuntu_server_documentation.txt_chunk_0262,350
ubuntu_server_documentation.txt,ubuntu_server_documentation.txt_chunk_0263,350
ubuntu_server_documentation.txt,ubuntu_server_documentation.txt_chunk_0264,350
ubuntu_server_documentation.txt,ubuntu_server_documentation.txt_chunk_0265,350
ubuntu_server_documentation.txt,ubuntu_server_documentation.txt_chunk_0266,350
ubuntu_server_documentation.txt,ubuntu_server_documentation.txt_chunk_0267,350
ubuntu_server_documentation.txt,ubuntu_server_documentation.txt_chunk_0268,350
ubuntu_server_documentation.txt,ubuntu_server_documentation.txt_chunk_0269,350
ubuntu_server_documentation.txt,ubuntu_server_documentation.txt_chunk_0270,350
ubuntu_server_documentation.txt,ubuntu_server_documentation.txt_chunk_0271,350
ubuntu_server_documentation.txt,ubuntu_server_documentation.txt_chunk_0272,350
ubuntu_server_documentation.txt,ubuntu_server_documentation.txt_chunk_0273,350
ubuntu_server_documentation.txt,ubuntu_server_documentation.txt_chunk_0274,350
ubuntu_server_documentation.txt,ubuntu_server_documentation.txt_chunk_0275,350
ubuntu_server_documentation.txt,ubuntu_server_documentation.txt_chunk_0276,350
ubuntu_server_documentation.txt,ubuntu_server_documentation.txt_chunk_0277,350
ubuntu_server_documentation.txt,ubuntu_server_documentation.txt_chunk_0278,350
ubuntu_server_documentation.txt,ubuntu_server_documentation.txt_chunk_0279,350
ubuntu_server_documentation.txt,ubuntu_server_documentation.txt_chunk_0280,350
ubuntu_server_documentation.txt,ubuntu_server_documentation.txt_chunk_0281,350
ubuntu_server_documentation.txt,ubuntu_server_documentation.txt_chunk_0282,350
ubuntu_server_documentation.txt,ubuntu_server_documentation.txt_chunk_0283,350
ubuntu_server_documentation.txt,ubuntu_server_documentation.txt_chunk_0284,350
ubuntu_server_documentation.txt,ubuntu_server_documentation.txt_chunk_0285,350
ubuntu_server_documentation.txt,ubuntu_server_documentation.txt_chunk_0286,350
ubuntu_server_documentation.txt,ubuntu_server_documentation.txt_chunk_0287,350
ubuntu_server_documentation.txt,ubuntu_server_documentation.txt_chunk_0288,350
ubuntu_server_documentation.txt,ubuntu_server_documentation.txt_chunk_0289,350
ubuntu_server_documentation.txt,ubuntu_server_documentation.txt_chunk_0290,350
ubuntu_server_documentation.txt,ubuntu_server_documentation.txt_chunk_0291,350
ubuntu_server_documentation.txt,ubuntu_server_documentation.txt_chunk_0292,350
ubuntu_server_documentation.txt,ubuntu_server_documentation.txt_chunk_0293,350
ubuntu_server_documentation.txt,ubuntu_server_documentation.txt_chunk_0294,350
ubuntu_server_documentation.txt,ubuntu_server_documentation.txt_chunk_0295,350
ubuntu_server_documentation.txt,ubuntu_server_documentation.txt_chunk_0296,350
ubuntu_server_documentation.txt,ubuntu_server_documentation.txt_chunk_0297,350
ubuntu_server_documentation.txt,ubuntu_server_documentation.txt_chunk_0298,350
ubuntu_server_documentation.txt,ubuntu_server_documentation.txt_chunk_0299,350
ubuntu_server_documentation.txt,ubuntu_server_documentation.txt_chunk_0300,350
ubuntu_server_documentation.txt,ubuntu_server_documentation.txt_chunk_0301,350
ubuntu_server_documentation.txt,ubuntu_server_documentation.txt_chunk_0302,350
ubuntu_server_documentation.txt,ubuntu_server_documentation.txt_chunk_0303,350
ubuntu_server_documentation.txt,ubuntu_server_documentation.txt_chunk_0304,350
ubuntu_server_documentation.txt,ubuntu_server_documentation.txt_chunk_0305,350
ubuntu_server_documentation.txt,ubuntu_server_documentation.txt_chunk_0306,350
ubuntu_server_documentation.txt,ubuntu_server_documentation.txt_chunk_0307,350
ubuntu_server_documentation.txt,ubuntu_server_documentation.txt_chunk_0308,350
ubuntu_server_documentation.txt,ubuntu_server_documentation.txt_chunk_0309,350
ubuntu_server_documentation.txt,ubuntu_server_documentation.txt_chunk_0310,350
ubuntu_server_documentation.txt,ubuntu_server_documentation.txt_chunk_0311,350
ubuntu_server_documentation.txt,ubuntu_server_documentation.txt_chunk_0312,350
ubuntu_server_documentation.txt,ubuntu_server_documentation.txt_chunk_0313,350
ubuntu_server_documentation.txt,ubuntu_server_documentation.txt_chunk_0314,350
ubuntu_server_documentation.txt,ubuntu_server_documentation.txt_chunk_0315,350
ubuntu_server_documentation.txt,ubuntu_server_documentation.txt_chunk_0316,350
ubuntu_server_documentation.txt,ubuntu_server_documentation.txt_chunk_0317,350
ubuntu_server_documentation.txt,ubuntu_server_documentation.txt_chunk_0318,350
ubuntu_server_documentation.txt,ubuntu_server_documentation.txt_chunk_0319,350
ubuntu_server_documentation.txt,ubuntu_server_documentation.txt_chunk_0320,350
ubuntu_server_documentation.txt,ubuntu_server_documentation.txt_chunk_0321,350
ubuntu_server_documentation.txt,ubuntu_server_documentation.txt_chunk_0322,350
ubuntu_server_documentation.txt,ubuntu_server_documentation.txt_chunk_0323,350
ubuntu_server_documentation.txt,ubuntu_server_documentation.txt_chunk_0324,350
ubuntu_server_documentation.txt,ubuntu_server_documentation.txt_chunk_0325,350
ubuntu_server_documentation.txt,ubuntu_server_documentation.txt_chunk_0326,350
ubuntu_server_documentation.txt,ubuntu_server_documentation.txt_chunk_0327,350
ubuntu_server_documentation.txt,ubuntu_server_documentation.txt_chunk_0328,350
ubuntu_server_documentation.txt,ubuntu_server_documentation.txt_chunk_0329,350
ubuntu_server_documentation.txt,ubuntu_server_documentation.txt_chunk_0330,350
ubuntu_server_documentation.txt,ubuntu_server_documentation.txt_chunk_0331,350
ubuntu_server_documentation.txt,ubuntu_server_documentation.txt_chunk_0332,350
ubuntu_server_documentation.txt,ubuntu_server_documentation.txt_chunk_0333,350
ubuntu_server_documentation.txt,ubuntu_server_documentation.txt_chunk_0334,350
ubuntu_server_documentation.txt,ubuntu_server_documentation.txt_chunk_0335,350
ubuntu_server_documentation.txt,ubuntu_server_documentation.txt_chunk_0336,350
ubuntu_server_documentation.txt,ubuntu_server_documentation.txt_chunk_0337,350
ubuntu_server_documentation.txt,ubuntu_server_documentation.txt_chunk_0338,350
ubuntu_server_documentation.txt,ubuntu_server_documentation.txt_chunk_0339,350
ubuntu_server_documentation.txt,ubuntu_server_documentation.txt_chunk_0340,350
ubuntu_server_documentation.txt,ubuntu_server_documentation.txt_chunk_0341,350
ubuntu_server_documentation.txt,ubuntu_server_documentation.txt_chunk_0342,350
ubuntu_server_documentation.txt,ubuntu_server_documentation.txt_chunk_0343,350
ubuntu_server_documentation.txt,ubuntu_server_documentation.txt_chunk_0344,350
ubuntu_server_documentation.txt,ubuntu_server_documentation.txt_chunk_0345,350
ubuntu_server_documentation.txt,ubuntu_server_documentation.txt_chunk_0346,350
ubuntu_server_documentation.txt,ubuntu_server_documentation.txt_chunk_0347,350
ubuntu_server_documentation.txt,ubuntu_server_documentation.txt_chunk_0348,350
ubuntu_server_documentation.txt,ubuntu_server_documentation.txt_chunk_0349,350
ubuntu_server_documentation.txt,ubuntu_server_documentation.txt_chunk_0350,350
ubuntu_server_documentation.txt,ubuntu_server_documentation.txt_chunk_0351,350
ubuntu_server_documentation.txt,ubuntu_server_documentation.txt_chunk_0352,350
ubuntu_server_documentation.txt,ubuntu_server_documentation.txt_chunk_0353,350
ubuntu_server_documentation.txt,ubuntu_server_documentation.txt_chunk_0354,350
ubuntu_server_documentation.txt,ubuntu_server_documentation.txt_chunk_0355,350
ubuntu_server_documentation.txt,ubuntu_server_documentation.txt_chunk_0356,350
ubuntu_server_documentation.txt,ubuntu_server_documentation.txt_chunk_0357,350
ubuntu_server_documentation.txt,ubuntu_server_documentation.txt_chunk_0358,350
ubuntu_server_documentation.txt,ubuntu_server_documentation.txt_chunk_0359,350
ubuntu_server_documentation.txt,ubuntu_server_documentation.txt_chunk_0360,350
ubuntu_server_documentation.txt,ubuntu_server_documentation.txt_chunk_0361,350
ubuntu_server_documentation.txt,ubuntu_server_documentation.txt_chunk_0362,350
ubuntu_server_documentation.txt,ubuntu_server_documentation.txt_chunk_0363,350
ubuntu_server_documentation.txt,ubuntu_server_documentation.txt_chunk_0364,350
ubuntu_server_documentation.txt,ubuntu_server_documentation.txt_chunk_0365,350
ubuntu_server_documentation.txt,ubuntu_server_documentation.txt_chunk_0366,350
ubuntu_server_documentation.txt,ubuntu_server_documentation.txt_chunk_0367,350
ubuntu_server_documentation.txt,ubuntu_server_documentation.txt_chunk_0368,350
ubuntu_server_documentation.txt,ubuntu_server_documentation.txt_chunk_0369,350
ubuntu_server_documentation.txt,ubuntu_server_documentation.txt_chunk_0370,350
ubuntu_server_documentation.txt,ubuntu_server_documentation.txt_chunk_0371,350
ubuntu_server_documentation.txt,ubuntu_server_documentation.txt_chunk_0372,350
ubuntu_server_documentation.txt,ubuntu_server_documentation.txt_chunk_0373,350
ubuntu_server_documentation.txt,ubuntu_server_documentation.txt_chunk_0374,350
ubuntu_server_documentation.txt,ubuntu_server_documentation.txt_chunk_0375,350
ubuntu_server_documentation.txt,ubuntu_server_documentation.txt_chunk_0376,350
ubuntu_server_documentation.txt,ubuntu_server_documentation.txt_chunk_0377,350
ubuntu_server_documentation.txt,ubuntu_server_documentation.txt_chunk_0378,350
ubuntu_server_documentation.txt,ubuntu_server_documentation.txt_chunk_0379,350
ubuntu_server_documentation.txt,ubuntu_server_documentation.txt_chunk_0380,350
ubuntu_server_documentation.txt,ubuntu_server_documentation.txt_chunk_0381,350
ubuntu_server_documentation.txt,ubuntu_server_documentation.txt_chunk_0382,350
ubuntu_server_documentation.txt,ubuntu_server_documentation.txt_chunk_0383,350
ubuntu_server_documentation.txt,ubuntu_server_documentation.txt_chunk_0384,350
ubuntu_server_documentation.txt,ubuntu_server_documentation.txt_chunk_0385,350
ubuntu_server_documentation.txt,ubuntu_server_documentation.txt_chunk_0386,350
ubuntu_server_documentation.txt,ubuntu_server_documentation.txt_chunk_0387,350
ubuntu_server_documentation.txt,ubuntu_server_documentation.txt_chunk_0388,350
ubuntu_server_documentation.txt,ubuntu_server_documentation.txt_chunk_0389,350
ubuntu_server_documentation.txt,ubuntu_server_documentation.txt_chunk_0390,350
ubuntu_server_documentation.txt,ubuntu_server_documentation.txt_chunk_0391,350
ubuntu_server_documentation.txt,ubuntu_server_documentation.txt_chunk_0392,350
ubuntu_server_documentation.txt,ubuntu_server_documentation.txt_chunk_0393,350
ubuntu_server_documentation.txt,ubuntu_server_documentation.txt_chunk_0394,350
ubuntu_server_documentation.txt,ubuntu_server_documentation.txt_chunk_0395,350
ubuntu_server_documentation.txt,ubuntu_server_documentation.txt_chunk_0396,350
ubuntu_server_documentation.txt,ubuntu_server_documentation.txt_chunk_0397,350
ubuntu_server_documentation.txt,ubuntu_server_documentation.txt_chunk_0398,350
ubuntu_server_documentation.txt,ubuntu_server_documentation.txt_chunk_0399,350
ubuntu_server_documentation.txt,ubuntu_server_documentation.txt_chunk_0400,350
ubuntu_server_documentation.txt,ubuntu_server_documentation.txt_chunk_0401,350
ubuntu_server_documentation.txt,ubuntu_server_documentation.txt_chunk_0402,350
ubuntu_server_documentation.txt,ubuntu_server_documentation.txt_chunk_0403,350
ubuntu_server_documentation.txt,ubuntu_server_documentation.txt_chunk_0404,350
ubuntu_server_documentation.txt,ubuntu_server_documentation.txt_chunk_0405,350
ubuntu_server_documentation.txt,ubuntu_server_documentation.txt_chunk_0406,350
ubuntu_server_documentation.txt,ubuntu_server_documentation.txt_chunk_0407,350
ubuntu_server_documentation.txt,ubuntu_server_documentation.txt_chunk_0408,350
ubuntu_server_documentation.txt,ubuntu_server_documentation.txt_chunk_0409,350
ubuntu_server_documentation.txt,ubuntu_server_documentation.txt_chunk_0410,350
ubuntu_server_documentation.txt,ubuntu_server_documentation.txt_chunk_0411,350
ubuntu_server_documentation.txt,ubuntu_server_documentation.txt_chunk_0412,350
ubuntu_server_documentation.txt,ubuntu_server_documentation.txt_chunk_0413,350
ubuntu_server_documentation.txt,ubuntu_server_documentation.txt_chunk_0414,350
ubuntu_server_documentation.txt,ubuntu_server_documentation.txt_chunk_0415,350
ubuntu_server_documentation.txt,ubuntu_server_documentation.txt_chunk_0416,350
ubuntu_server_documentation.txt,ubuntu_server_documentation.txt_chunk_0417,350
ubuntu_server_documentation.txt,ubuntu_server_documentation.txt_chunk_0418,350
ubuntu_server_documentation.txt,ubuntu_server_documentation.txt_chunk_0419,350
ubuntu_server_documentation.txt,ubuntu_server_documentation.txt_chunk_0420,350
ubuntu_server_documentation.txt,ubuntu_server_documentation.txt_chunk_0421,350
ubuntu_server_documentation.txt,ubuntu_server_documentation.txt_chunk_0422,350
ubuntu_server_documentation.txt,ubuntu_server_documentation.txt_chunk_0423,350
ubuntu_server_documentation.txt,ubuntu_server_documentation.txt_chunk_0424,350
ubuntu_server_documentation.txt,ubuntu_server_documentation.txt_chunk_0425,350
ubuntu_server_documentation.txt,ubuntu_server_documentation.txt_chunk_0426,350
ubuntu_server_documentation.txt,ubuntu_server_documentation.txt_chunk_0427,350
ubuntu_server_documentation.txt,ubuntu_server_documentation.txt_chunk_0428,350
ubuntu_server_documentation.txt,ubuntu_server_documentation.txt_chunk_0429,350
ubuntu_server_documentation.txt,ubuntu_server_documentation.txt_chunk_0430,350
ubuntu_server_documentation.txt,ubuntu_server_documentation.txt_chunk_0431,350
ubuntu_server_documentation.txt,ubuntu_server_documentation.txt_chunk_0432,350
ubuntu_server_documentation.txt,ubuntu_server_documentation.txt_chunk_0433,350
ubuntu_server_documentation.txt,ubuntu_server_documentation.txt_chunk_0434,350
ubuntu_server_documentation.txt,ubuntu_server_documentation.txt_chunk_0435,350
ubuntu_server_documentation.txt,ubuntu_server_documentation.txt_chunk_0436,350
ubuntu_server_documentation.txt,ubuntu_server_documentation.txt_chunk_0437,350
ubuntu_server_documentation.txt,ubuntu_server_documentation.txt_chunk_0438,350
ubuntu_server_documentation.txt,ubuntu_server_documentation.txt_chunk_0439,350
ubuntu_server_documentation.txt,ubuntu_server_documentation.txt_chunk_0440,350
ubuntu_server_documentation.txt,ubuntu_server_documentation.txt_chunk_0441,350
ubuntu_server_documentation.txt,ubuntu_server_documentation.txt_chunk_0442,350
ubuntu_server_documentation.txt,ubuntu_server_documentation.txt_chunk_0443,350
ubuntu_server_documentation.txt,ubuntu_server_documentation.txt_chunk_0444,350
ubuntu_server_documentation.txt,ubuntu_server_documentation.txt_chunk_0445,350
ubuntu_server_documentation.txt,ubuntu_server_documentation.txt_chunk_0446,350
ubuntu_server_documentation.txt,ubuntu_server_documentation.txt_chunk_0447,350
ubuntu_server_documentation.txt,ubuntu_server_documentation.txt_chunk_0448,350
ubuntu_server_documentation.txt,ubuntu_server_documentation.txt_chunk_0449,350
ubuntu_server_documentation.txt,ubuntu_server_documentation.txt_chunk_0450,350
ubuntu_server_documentation.txt,ubuntu_server_documentation.txt_chunk_0451,350
ubuntu_server_documentation.txt,ubuntu_server_documentation.txt_chunk_0452,350
ubuntu_server_documentation.txt,ubuntu_server_documentation.txt_chunk_0453,350
ubuntu_server_documentation.txt,ubuntu_server_documentation.txt_chunk_0454,350
ubuntu_server_documentation.txt,ubuntu_server_documentation.txt_chunk_0455,350
ubuntu_server_documentation.txt,ubuntu_server_documentation.txt_chunk_0456,350
ubuntu_server_documentation.txt,ubuntu_server_documentation.txt_chunk_0457,350
ubuntu_server_documentation.txt,ubuntu_server_documentation.txt_chunk_0458,350
ubuntu_server_documentation.txt,ubuntu_server_documentation.txt_chunk_0459,350
ubuntu_server_documentation.txt,ubuntu_server_documentation.txt_chunk_0460,350
ubuntu_server_documentation.txt,ubuntu_server_documentation.txt_chunk_0461,350
ubuntu_server_documentation.txt,ubuntu_server_documentation.txt_chunk_0462,350
ubuntu_server_documentation.txt,ubuntu_server_documentation.txt_chunk_0463,350
ubuntu_server_documentation.txt,ubuntu_server_documentation.txt_chunk_0464,350
ubuntu_server_documentation.txt,ubuntu_server_documentation.txt_chunk_0465,350
ubuntu_server_documentation.txt,ubuntu_server_documentation.txt_chunk_0466,350
ubuntu_server_documentation.txt,ubuntu_server_documentation.txt_chunk_0467,350
ubuntu_server_documentation.txt,ubuntu_server_documentation.txt_chunk_0468,350
ubuntu_server_documentation.txt,ubuntu_server_documentation.txt_chunk_0469,350
ubuntu_server_documentation.txt,ubuntu_server_documentation.txt_chunk_0470,350
ubuntu_server_documentation.txt,ubuntu_server_documentation.txt_chunk_0471,350
ubuntu_server_documentation.txt,ubuntu_server_documentation.txt_chunk_0472,350
ubuntu_server_documentation.txt,ubuntu_server_documentation.txt_chunk_0473,350
ubuntu_server_documentation.txt,ubuntu_server_documentation.txt_chunk_0474,350
ubuntu_server_documentation.txt,ubuntu_server_documentation.txt_chunk_0475,350
ubuntu_server_documentation.txt,ubuntu_server_documentation.txt_chunk_0476,350
ubuntu_server_documentation.txt,ubuntu_server_documentation.txt_chunk_0477,350
ubuntu_server_documentation.txt,ubuntu_server_documentation.txt_chunk_0478,350
ubuntu_server_documentation.txt,ubuntu_server_documentation.txt_chunk_0479,350
ubuntu_server_documentation.txt,ubuntu_server_documentation.txt_chunk_0480,350
ubuntu_server_documentation.txt,ubuntu_server_documentation.txt_chunk_0481,350
ubuntu_server_documentation.txt,ubuntu_server_documentation.txt_chunk_0482,350
ubuntu_server_documentation.txt,ubuntu_server_documentation.txt_chunk_0483,350
ubuntu_server_documentation.txt,ubuntu_server_documentation.txt_chunk_0484,350
ubuntu_server_documentation.txt,ubuntu_server_documentation.txt_chunk_0485,350
ubuntu_server_documentation.txt,ubuntu_server_documentation.txt_chunk_0486,350
ubuntu_server_documentation.txt,ubuntu_server_documentation.txt_chunk_0487,350
ubuntu_server_documentation.txt,ubuntu_server_documentation.txt_chunk_0488,350
ubuntu_server_documentation.txt,ubuntu_server_documentation.txt_chunk_0489,350
ubuntu_server_documentation.txt,ubuntu_server_documentation.txt_chunk_0490,350
ubuntu_server_documentation.txt,ubuntu_server_documentation.txt_chunk_0491,350
ubuntu_server_documentation.txt,ubuntu_server_documentation.txt_chunk_0492,350
ubuntu_server_documentation.txt,ubuntu_server_documentation.txt_chunk_0493,350
ubuntu_server_documentation.txt,ubuntu_server_documentation.txt_chunk_0494,350
ubuntu_server_documentation.txt,ubuntu_server_documentation.txt_chunk_0495,350
ubuntu_server_documentation.txt,ubuntu_server_documentation.txt_chunk_0496,350
ubuntu_server_documentation.txt,ubuntu_server_documentation.txt_chunk_0497,350
ubuntu_server_documentation.txt,ubuntu_server_documentation.txt_chunk_0498,350
ubuntu_server_documentation.txt,ubuntu_server_documentation.txt_chunk_0499,350
ubuntu_server_documentation.txt,ubuntu_server_documentation.txt_chunk_0500,350
ubuntu_server_documentation.txt,ubuntu_server_documentation.txt_chunk_0501,350
ubuntu_server_documentation.txt,ubuntu_server_documentation.txt_chunk_0502,350
ubuntu_server_documentation.txt,ubuntu_server_documentation.txt_chunk_0503,350
ubuntu_server_documentation.txt,ubuntu_server_documentation.txt_chunk_0504,350
ubuntu_server_documentation.txt,ubuntu_server_documentation.txt_chunk_0505,350
ubuntu_server_documentation.txt,ubuntu_server_documentation.txt_chunk_0506,350
ubuntu_server_documentation.txt,ubuntu_server_documentation.txt_chunk_0507,350
ubuntu_server_documentation.txt,ubuntu_server_documentation.txt_chunk_0508,350
ubuntu_server_documentation.txt,ubuntu_server_documentation.txt_chunk_0509,350
ubuntu_server_documentation.txt,ubuntu_server_documentation.txt_chunk_0510,350
ubuntu_server_documentation.txt,ubuntu_server_documentation.txt_chunk_0511,350
ubuntu_server_documentation.txt,ubuntu_server_documentation.txt_chunk_0512,350
ubuntu_server_documentation.txt,ubuntu_server_documentation.txt_chunk_0513,350
ubuntu_server_documentation.txt,ubuntu_server_documentation.txt_chunk_0514,350
ubuntu_server_documentation.txt,ubuntu_server_documentation.txt_chunk_0515,350
ubuntu_server_documentation.txt,ubuntu_server_documentation.txt_chunk_0516,350
ubuntu_server_documentation.txt,ubuntu_server_documentation.txt_chunk_0517,350
ubuntu_server_documentation.txt,ubuntu_server_documentation.txt_chunk_0518,350
ubuntu_server_documentation.txt,ubuntu_server_documentation.txt_chunk_0519,350
ubuntu_server_documentation.txt,ubuntu_server_documentation.txt_chunk_0520,350
ubuntu_server_documentation.txt,ubuntu_server_documentation.txt_chunk_0521,350
ubuntu_server_documentation.txt,ubuntu_server_documentation.txt_chunk_0522,350
ubuntu_server_documentation.txt,ubuntu_server_documentation.txt_chunk_0523,350
ubuntu_server_documentation.txt,ubuntu_server_documentation.txt_chunk_0524,350
ubuntu_server_documentation.txt,ubuntu_server_documentation.txt_chunk_0525,350
ubuntu_server_documentation.txt,ubuntu_server_documentation.txt_chunk_0526,350
ubuntu_server_documentation.txt,ubuntu_server_documentation.txt_chunk_0527,350
ubuntu_server_documentation.txt,ubuntu_server_documentation.txt_chunk_0528,350
ubuntu_server_documentation.txt,ubuntu_server_documentation.txt_chunk_0529,350
ubuntu_server_documentation.txt,ubuntu_server_documentation.txt_chunk_0530,350
ubuntu_server_documentation.txt,ubuntu_server_documentation.txt_chunk_0531,350
ubuntu_server_documentation.txt,ubuntu_server_documentation.txt_chunk_0532,350
ubuntu_server_documentation.txt,ubuntu_server_documentation.txt_chunk_0533,350
ubuntu_server_documentation.txt,ubuntu_server_documentation.txt_chunk_0534,350
ubuntu_server_documentation.txt,ubuntu_server_documentation.txt_chunk_0535,350
ubuntu_server_documentation.txt,ubuntu_server_documentation.txt_chunk_0536,350
ubuntu_server_documentation.txt,ubuntu_server_documentation.txt_chunk_0537,350
ubuntu_server_documentation.txt,ubuntu_server_documentation.txt_chunk_0538,350
ubuntu_server_documentation.txt,ubuntu_server_documentation.txt_chunk_0539,350
ubuntu_server_documentation.txt,ubuntu_server_documentation.txt_chunk_0540,350
ubuntu_server_documentation.txt,ubuntu_server_documentation.txt_chunk_0541,350
ubuntu_server_documentation.txt,ubuntu_server_documentation.txt_chunk_0542,350
ubuntu_server_documentation.txt,ubuntu_server_documentation.txt_chunk_0543,350
ubuntu_server_documentation.txt,ubuntu_server_documentation.txt_chunk_0544,350
ubuntu_server_documentation.txt,ubuntu_server_documentation.txt_chunk_0545,350
ubuntu_server_documentation.txt,ubuntu_server_documentation.txt_chunk_0546,350
ubuntu_server_documentation.txt,ubuntu_server_documentation.txt_chunk_0547,350
ubuntu_server_documentation.txt,ubuntu_server_documentation.txt_chunk_0548,350
ubuntu_server_documentation.txt,ubuntu_server_documentation.txt_chunk_0549,350
ubuntu_server_documentation.txt,ubuntu_server_documentation.txt_chunk_0550,350
ubuntu_server_documentation.txt,ubuntu_server_documentation.txt_chunk_0551,350
ubuntu_server_documentation.txt,ubuntu_server_documentation.txt_chunk_0552,350
ubuntu_server_documentation.txt,ubuntu_server_documentation.txt_chunk_0553,350
ubuntu_server_documentation.txt,ubuntu_server_documentation.txt_chunk_0554,350
ubuntu_server_documentation.txt,ubuntu_server_documentation.txt_chunk_0555,350
ubuntu_server_documentation.txt,ubuntu_server_documentation.txt_chunk_0556,350
ubuntu_server_documentation.txt,ubuntu_server_documentation.txt_chunk_0557,350
ubuntu_server_documentation.txt,ubuntu_server_documentation.txt_chunk_0558,350
ubuntu_server_documentation.txt,ubuntu_server_documentation.txt_chunk_0559,350
ubuntu_server_documentation.txt,ubuntu_server_documentation.txt_chunk_0560,350
ubuntu_server_documentation.txt,ubuntu_server_documentation.txt_chunk_0561,350
ubuntu_server_documentation.txt,ubuntu_server_documentation.txt_chunk_0562,350
ubuntu_server_documentation.txt,ubuntu_server_documentation.txt_chunk_0563,350
ubuntu_server_documentation.txt,ubuntu_server_documentation.txt_chunk_0564,350
ubuntu_server_documentation.txt,ubuntu_server_documentation.txt_chunk_0565,350
ubuntu_server_documentation.txt,ubuntu_server_documentation.txt_chunk_0566,350
ubuntu_server_documentation.txt,ubuntu_server_documentation.txt_chunk_0567,350
ubuntu_server_documentation.txt,ubuntu_server_documentation.txt_chunk_0568,350
ubuntu_server_documentation.txt,ubuntu_server_documentation.txt_chunk_0569,350
ubuntu_server_documentation.txt,ubuntu_server_documentation.txt_chunk_0570,350
ubuntu_server_documentation.txt,ubuntu_server_documentation.txt_chunk_0571,350
ubuntu_server_documentation.txt,ubuntu_server_documentation.txt_chunk_0572,350
ubuntu_server_documentation.txt,ubuntu_server_documentation.txt_chunk_0573,350
ubuntu_server_documentation.txt,ubuntu_server_documentation.txt_chunk_0574,350
ubuntu_server_documentation.txt,ubuntu_server_documentation.txt_chunk_0575,350
ubuntu_server_documentation.txt,ubuntu_server_documentation.txt_chunk_0576,350
ubuntu_server_documentation.txt,ubuntu_server_documentation.txt_chunk_0577,350
ubuntu_server_documentation.txt,ubuntu_server_documentation.txt_chunk_0578,350
ubuntu_server_documentation.txt,ubuntu_server_documentation.txt_chunk_0579,350
ubuntu_server_documentation.txt,ubuntu_server_documentation.txt_chunk_0580,350
ubuntu_server_documentation.txt,ubuntu_server_documentation.txt_chunk_0581,350
ubuntu_server_documentation.txt,ubuntu_server_documentation.txt_chunk_0582,350
ubuntu_server_documentation.txt,ubuntu_server_documentation.txt_chunk_0583,350
ubuntu_server_documentation.txt,ubuntu_server_documentation.txt_chunk_0584,350
ubuntu_server_documentation.txt,ubuntu_server_documentation.txt_chunk_0585,350
ubuntu_server_documentation.txt,ubuntu_server_documentation.txt_chunk_0586,350
ubuntu_server_documentation.txt,ubuntu_server_documentation.txt_chunk_0587,350
ubuntu_server_documentation.txt,ubuntu_server_documentation.txt_chunk_0588,350
ubuntu_server_documentation.txt,ubuntu_server_documentation.txt_chunk_0589,350
ubuntu_server_documentation.txt,ubuntu_server_documentation.txt_chunk_0590,350
ubuntu_server_documentation.txt,ubuntu_server_documentation.txt_chunk_0591,350
ubuntu_server_documentation.txt,ubuntu_server_documentation.txt_chunk_0592,350
ubuntu_server_documentation.txt,ubuntu_server_documentation.txt_chunk_0593,350
ubuntu_server_documentation.txt,ubuntu_server_documentation.txt_chunk_0594,350
ubuntu_server_documentation.txt,ubuntu_server_documentation.txt_chunk_0595,350
ubuntu_server_documentation.txt,ubuntu_server_documentation.txt_chunk_0596,350
ubuntu_server_documentation.txt,ubuntu_server_documentation.txt_chunk_0597,350
ubuntu_server_documentation.txt,ubuntu_server_documentation.txt_chunk_0598,350
ubuntu_server_documentation.txt,ubuntu_server_documentation.txt_chunk_0599,350
ubuntu_server_documentation.txt,ubuntu_server_documentation.txt_chunk_0600,350
ubuntu_server_documentation.txt,ubuntu_server_documentation.txt_chunk_0601,350
ubuntu_server_documentation.txt,ubuntu_server_documentation.txt_chunk_0602,350
ubuntu_server_documentation.txt,ubuntu_server_documentation.txt_chunk_0603,350
ubuntu_server_documentation.txt,ubuntu_server_documentation.txt_chunk_0604,350
ubuntu_server_documentation.txt,ubuntu_server_documentation.txt_chunk_0605,350
ubuntu_server_documentation.txt,ubuntu_server_documentation.txt_chunk_0606,350
ubuntu_server_documentation.txt,ubuntu_server_documentation.txt_chunk_0607,350
ubuntu_server_documentation.txt,ubuntu_server_documentation.txt_chunk_0608,350
ubuntu_server_documentation.txt,ubuntu_server_documentation.txt_chunk_0609,350
ubuntu_server_documentation.txt,ubuntu_server_documentation.txt_chunk_0610,350
ubuntu_server_documentation.txt,ubuntu_server_documentation.txt_chunk_0611,350
ubuntu_server_documentation.txt,ubuntu_server_documentation.txt_chunk_0612,350
ubuntu_server_documentation.txt,ubuntu_server_documentation.txt_chunk_0613,350
ubuntu_server_documentation.txt,ubuntu_server_documentation.txt_chunk_0614,350
ubuntu_server_documentation.txt,ubuntu_server_documentation.txt_chunk_0615,350
ubuntu_server_documentation.txt,ubuntu_server_documentation.txt_chunk_0616,350
ubuntu_server_documentation.txt,ubuntu_server_documentation.txt_chunk_0617,350
ubuntu_server_documentation.txt,ubuntu_server_documentation.txt_chunk_0618,350
ubuntu_server_documentation.txt,ubuntu_server_documentation.txt_chunk_0619,350
ubuntu_server_documentation.txt,ubuntu_server_documentation.txt_chunk_0620,350
ubuntu_server_documentation.txt,ubuntu_server_documentation.txt_chunk_0621,350
ubuntu_server_documentation.txt,ubuntu_server_documentation.txt_chunk_0622,350
ubuntu_server_documentation.txt,ubuntu_server_documentation.txt_chunk_0623,350
ubuntu_server_documentation.txt,ubuntu_server_documentation.txt_chunk_0624,350
ubuntu_server_documentation.txt,ubuntu_server_documentation.txt_chunk_0625,350
ubuntu_server_documentation.txt,ubuntu_server_documentation.txt_chunk_0626,350
ubuntu_server_documentation.txt,ubuntu_server_documentation.txt_chunk_0627,350
ubuntu_server_documentation.txt,ubuntu_server_documentation.txt_chunk_0628,350
ubuntu_server_documentation.txt,ubuntu_server_documentation.txt_chunk_0629,350
ubuntu_server_documentation.txt,ubuntu_server_documentation.txt_chunk_0630,350
ubuntu_server_documentation.txt,ubuntu_server_documentation.txt_chunk_0631,350
ubuntu_server_documentation.txt,ubuntu_server_documentation.txt_chunk_0632,350
ubuntu_server_documentation.txt,ubuntu_server_documentation.txt_chunk_0633,350
ubuntu_server_documentation.txt,ubuntu_server_documentation.txt_chunk_0634,350
ubuntu_server_documentation.txt,ubuntu_server_documentation.txt_chunk_0635,350
ubuntu_server_documentation.txt,ubuntu_server_documentation.txt_chunk_0636,350
ubuntu_server_documentation.txt,ubuntu_server_documentation.txt_chunk_0637,350
ubuntu_server_documentation.txt,ubuntu_server_documentation.txt_chunk_0638,350
ubuntu_server_documentation.txt,ubuntu_server_documentation.txt_chunk_0639,350
ubuntu_server_documentation.txt,ubuntu_server_documentation.txt_chunk_0640,350
ubuntu_server_documentation.txt,ubuntu_server_documentation.txt_chunk_0641,350
ubuntu_server_documentation.txt,ubuntu_server_documentation.txt_chunk_0642,350
ubuntu_server_documentation.txt,ubuntu_server_documentation.txt_chunk_0643,350
ubuntu_server_documentation.txt,ubuntu_server_documentation.txt_chunk_0644,350
ubuntu_server_documentation.txt,ubuntu_server_documentation.txt_chunk_0645,350
ubuntu_server_documentation.txt,ubuntu_server_documentation.txt_chunk_0646,350
ubuntu_server_documentation.txt,ubuntu_server_documentation.txt_chunk_0647,350
ubuntu_server_documentation.txt,ubuntu_server_documentation.txt_chunk_0648,350
ubuntu_server_documentation.txt,ubuntu_server_documentation.txt_chunk_0649,350
ubuntu_server_documentation.txt,ubuntu_server_documentation.txt_chunk_0650,350
ubuntu_server_documentation.txt,ubuntu_server_documentation.txt_chunk_0651,350
ubuntu_server_documentation.txt,ubuntu_server_documentation.txt_chunk_0652,350
ubuntu_server_documentation.txt,ubuntu_server_documentation.txt_chunk_0653,350
ubuntu_server_documentation.txt,ubuntu_server_documentation.txt_chunk_0654,350
ubuntu_server_documentation.txt,ubuntu_server_documentation.txt_chunk_0655,350
ubuntu_server_documentation.txt,ubuntu_server_documentation.txt_chunk_0656,350
ubuntu_server_documentation.txt,ubuntu_server_documentation.txt_chunk_0657,350
ubuntu_server_documentation.txt,ubuntu_server_documentation.txt_chunk_0658,350
ubuntu_server_documentation.txt,ubuntu_server_documentation.txt_chunk_0659,350
ubuntu_server_documentation.txt,ubuntu_server_documentation.txt_chunk_0660,350
ubuntu_server_documentation.txt,ubuntu_server_documentation.txt_chunk_0661,350
ubuntu_server_documentation.txt,ubuntu_server_documentation.txt_chunk_0662,350
ubuntu_server_documentation.txt,ubuntu_server_documentation.txt_chunk_0663,350
ubuntu_server_documentation.txt,ubuntu_server_documentation.txt_chunk_0664,350
ubuntu_server_documentation.txt,ubuntu_server_documentation.txt_chunk_0665,350
ubuntu_server_documentation.txt,ubuntu_server_documentation.txt_chunk_0666,350
ubuntu_server_documentation.txt,ubuntu_server_documentation.txt_chunk_0667,350
ubuntu_server_documentation.txt,ubuntu_server_documentation.txt_chunk_0668,350
ubuntu_server_documentation.txt,ubuntu_server_documentation.txt_chunk_0669,350
ubuntu_server_documentation.txt,ubuntu_server_documentation.txt_chunk_0670,350
ubuntu_server_documentation.txt,ubuntu_server_documentation.txt_chunk_0671,350
ubuntu_server_documentation.txt,ubuntu_server_documentation.txt_chunk_0672,350
ubuntu_server_documentation.txt,ubuntu_server_documentation.txt_chunk_0673,350
ubuntu_server_documentation.txt,ubuntu_server_documentation.txt_chunk_0674,350
ubuntu_server_documentation.txt,ubuntu_server_documentation.txt_chunk_0675,350
ubuntu_server_documentation.txt,ubuntu_server_documentation.txt_chunk_0676,350
ubuntu_server_documentation.txt,ubuntu_server_documentation.txt_chunk_0677,350
ubuntu_server_documentation.txt,ubuntu_server_documentation.txt_chunk_0678,350
ubuntu_server_documentation.txt,ubuntu_server_documentation.txt_chunk_0679,350
ubuntu_server_documentation.txt,ubuntu_server_documentation.txt_chunk_0680,350
ubuntu_server_documentation.txt,ubuntu_server_documentation.txt_chunk_0681,350
ubuntu_server_documentation.txt,ubuntu_server_documentation.txt_chunk_0682,350
ubuntu_server_documentation.txt,ubuntu_server_documentation.txt_chunk_0683,350
ubuntu_server_documentation.txt,ubuntu_server_documentation.txt_chunk_0684,350
ubuntu_server_documentation.txt,ubuntu_server_documentation.txt_chunk_0685,350
ubuntu_server_documentation.txt,ubuntu_server_documentation.txt_chunk_0686,350
ubuntu_server_documentation.txt,ubuntu_server_documentation.txt_chunk_0687,350
ubuntu_server_documentation.txt,ubuntu_server_documentation.txt_chunk_0688,350
ubuntu_server_documentation.txt,ubuntu_server_documentation.txt_chunk_0689,350
ubuntu_server_documentation.txt,ubuntu_server_documentation.txt_chunk_0690,350
ubuntu_server_documentation.txt,ubuntu_server_documentation.txt_chunk_0691,350
ubuntu_server_documentation.txt,ubuntu_server_documentation.txt_chunk_0692,350
ubuntu_server_documentation.txt,ubuntu_server_documentation.txt_chunk_0693,350
ubuntu_server_documentation.txt,ubuntu_server_documentation.txt_chunk_0694,350
ubuntu_server_documentation.txt,ubuntu_server_documentation.txt_chunk_0695,350
ubuntu_server_documentation.txt,ubuntu_server_documentation.txt_chunk_0696,350
ubuntu_server_documentation.txt,ubuntu_server_documentation.txt_chunk_0697,350
ubuntu_server_documentation.txt,ubuntu_server_documentation.txt_chunk_0698,350
ubuntu_server_documentation.txt,ubuntu_server_documentation.txt_chunk_0699,350
ubuntu_server_documentation.txt,ubuntu_server_documentation.txt_chunk_0700,350
ubuntu_server_documentation.txt,ubuntu_server_documentation.txt_chunk_0701,350
ubuntu_server_documentation.txt,ubuntu_server_documentation.txt_chunk_0702,350
ubuntu_server_documentation.txt,ubuntu_server_documentation.txt_chunk_0703,350
ubuntu_server_documentation.txt,ubuntu_server_documentation.txt_chunk_0704,350
ubuntu_server_documentation.txt,ubuntu_server_documentation.txt_chunk_0705,350
ubuntu_server_documentation.txt,ubuntu_server_documentation.txt_chunk_0706,350
ubuntu_server_documentation.txt,ubuntu_server_documentation.txt_chunk_0707,350
ubuntu_server_documentation.txt,ubuntu_server_documentation.txt_chunk_0708,350
ubuntu_server_documentation.txt,ubuntu_server_documentation.txt_chunk_0709,350
ubuntu_server_documentation.txt,ubuntu_server_documentation.txt_chunk_0710,350
ubuntu_server_documentation.txt,ubuntu_server_documentation.txt_chunk_0711,350
ubuntu_server_documentation.txt,ubuntu_server_documentation.txt_chunk_0712,350
ubuntu_server_documentation.txt,ubuntu_server_documentation.txt_chunk_0713,350
ubuntu_server_documentation.txt,ubuntu_server_documentation.txt_chunk_0714,350
ubuntu_server_documentation.txt,ubuntu_server_documentation.txt_chunk_0715,350
ubuntu_server_documentation.txt,ubuntu_server_documentation.txt_chunk_0716,350
ubuntu_server_documentation.txt,ubuntu_server_documentation.txt_chunk_0717,350
ubuntu_server_documentation.txt,ubuntu_server_documentation.txt_chunk_0718,350
ubuntu_server_documentation.txt,ubuntu_server_documentation.txt_chunk_0719,350
ubuntu_server_documentation.txt,ubuntu_server_documentation.txt_chunk_0720,350
ubuntu_server_documentation.txt,ubuntu_server_documentation.txt_chunk_0721,350
ubuntu_server_documentation.txt,ubuntu_server_documentation.txt_chunk_0722,350
ubuntu_server_documentation.txt,ubuntu_server_documentation.txt_chunk_0723,350
ubuntu_server_documentation.txt,ubuntu_server_documentation.txt_chunk_0724,350
ubuntu_server_documentation.txt,ubuntu_server_documentation.txt_chunk_0725,350
ubuntu_server_documentation.txt,ubuntu_server_documentation.txt_chunk_0726,350
ubuntu_server_documentation.txt,ubuntu_server_documentation.txt_chunk_0727,350
ubuntu_server_documentation.txt,ubuntu_server_documentation.txt_chunk_0728,350
ubuntu_server_documentation.txt,ubuntu_server_documentation.txt_chunk_0729,350
ubuntu_server_documentation.txt,ubuntu_server_documentation.txt_chunk_0730,350
ubuntu_server_documentation.txt,ubuntu_server_documentation.txt_chunk_0731,350
ubuntu_server_documentation.txt,ubuntu_server_documentation.txt_chunk_0732,350
ubuntu_server_documentation.txt,ubuntu_server_documentation.txt_chunk_0733,350
ubuntu_server_documentation.txt,ubuntu_server_documentation.txt_chunk_0734,350
ubuntu_server_documentation.txt,ubuntu_server_documentation.txt_chunk_0735,350
ubuntu_server_documentation.txt,ubuntu_server_documentation.txt_chunk_0736,350
ubuntu_server_documentation.txt,ubuntu_server_documentation.txt_chunk_0737,350
ubuntu_server_documentation.txt,ubuntu_server_documentation.txt_chunk_0738,350
ubuntu_server_documentation.txt,ubuntu_server_documentation.txt_chunk_0739,350
ubuntu_server_documentation.txt,ubuntu_server_documentation.txt_chunk_0740,350
ubuntu_server_documentation.txt,ubuntu_server_documentation.txt_chunk_0741,350
ubuntu_server_documentation.txt,ubuntu_server_documentation.txt_chunk_0742,350
ubuntu_server_documentation.txt,ubuntu_server_documentation.txt_chunk_0743,350
ubuntu_server_documentation.txt,ubuntu_server_documentation.txt_chunk_0744,350
ubuntu_server_documentation.txt,ubuntu_server_documentation.txt_chunk_0745,350
ubuntu_server_documentation.txt,ubuntu_server_documentation.txt_chunk_0746,350
ubuntu_server_documentation.txt,ubuntu_server_documentation.txt_chunk_0747,350
ubuntu_server_documentation.txt,ubuntu_server_documentation.txt_chunk_0748,350
ubuntu_server_documentation.txt,ubuntu_server_documentation.txt_chunk_0749,350
ubuntu_server_documentation.txt,ubuntu_server_documentation.txt_chunk_0750,350
ubuntu_server_documentation.txt,ubuntu_server_documentation.txt_chunk_0751,350
ubuntu_server_documentation.txt,ubuntu_server_documentation.txt_chunk_0752,350
ubuntu_server_documentation.txt,ubuntu_server_documentation.txt_chunk_0753,350
ubuntu_server_documentation.txt,ubuntu_server_documentation.txt_chunk_0754,350
ubuntu_server_documentation.txt,ubuntu_server_documentation.txt_chunk_0755,350
ubuntu_server_documentation.txt,ubuntu_server_documentation.txt_chunk_0756,350
ubuntu_server_documentation.txt,ubuntu_server_documentation.txt_chunk_0757,350
ubuntu_server_documentation.txt,ubuntu_server_documentation.txt_chunk_0758,350
ubuntu_server_documentation.txt,ubuntu_server_documentation.txt_chunk_0759,350
ubuntu_server_documentation.txt,ubuntu_server_documentation.txt_chunk_0760,350
ubuntu_server_documentation.txt,ubuntu_server_documentation.txt_chunk_0761,350
ubuntu_server_documentation.txt,ubuntu_server_documentation.txt_chunk_0762,350
ubuntu_server_documentation.txt,ubuntu_server_documentation.txt_chunk_0763,350
ubuntu_server_documentation.txt,ubuntu_server_documentation.txt_chunk_0764,350
ubuntu_server_documentation.txt,ubuntu_server_documentation.txt_chunk_0765,350
ubuntu_server_documentation.txt,ubuntu_server_documentation.txt_chunk_0766,350
ubuntu_server_documentation.txt,ubuntu_server_documentation.txt_chunk_0767,350
ubuntu_server_documentation.txt,ubuntu_server_documentation.txt_chunk_0768,350
ubuntu_server_documentation.txt,ubuntu_server_documentation.txt_chunk_0769,350
ubuntu_server_documentation.txt,ubuntu_server_documentation.txt_chunk_0770,350
ubuntu_server_documentation.txt,ubuntu_server_documentation.txt_chunk_0771,350
ubuntu_server_documentation.txt,ubuntu_server_documentation.txt_chunk_0772,350
ubuntu_server_documentation.txt,ubuntu_server_documentation.txt_chunk_0773,350
ubuntu_server_documentation.txt,ubuntu_server_documentation.txt_chunk_0774,350
ubuntu_server_documentation.txt,ubuntu_server_documentation.txt_chunk_0775,350
ubuntu_server_documentation.txt,ubuntu_server_documentation.txt_chunk_0776,350
ubuntu_server_documentation.txt,ubuntu_server_documentation.txt_chunk_0777,350
ubuntu_server_documentation.txt,ubuntu_server_documentation.txt_chunk_0778,350
ubuntu_server_documentation.txt,ubuntu_server_documentation.txt_chunk_0779,350
ubuntu_server_documentation.txt,ubuntu_server_documentation.txt_chunk_0780,350
ubuntu_server_documentation.txt,ubuntu_server_documentation.txt_chunk_0781,350
ubuntu_server_documentation.txt,ubuntu_server_documentation.txt_chunk_0782,350
ubuntu_server_documentation.txt,ubuntu_server_documentation.txt_chunk_0783,350
ubuntu_server_documentation.txt,ubuntu_server_documentation.txt_chunk_0784,350
ubuntu_server_documentation.txt,ubuntu_server_documentation.txt_chunk_0785,350
ubuntu_server_documentation.txt,ubuntu_server_documentation.txt_chunk_0786,350
ubuntu_server_documentation.txt,ubuntu_server_documentation.txt_chunk_0787,350
ubuntu_server_documentation.txt,ubuntu_server_documentation.txt_chunk_0788,350
ubuntu_server_documentation.txt,ubuntu_server_documentation.txt_chunk_0789,350
ubuntu_server_documentation.txt,ubuntu_server_documentation.txt_chunk_0790,350
ubuntu_server_documentation.txt,ubuntu_server_documentation.txt_chunk_0791,350
ubuntu_server_documentation.txt,ubuntu_server_documentation.txt_chunk_0792,350
ubuntu_server_documentation.txt,ubuntu_server_documentation.txt_chunk_0793,350
ubuntu_server_documentation.txt,ubuntu_server_documentation.txt_chunk_0794,350
ubuntu_server_documentation.txt,ubuntu_server_documentation.txt_chunk_0795,350
ubuntu_server_documentation.txt,ubuntu_server_documentation.txt_chunk_0796,350
ubuntu_server_documentation.txt,ubuntu_server_documentation.txt_chunk_0797,350
ubuntu_server_documentation.txt,ubuntu_server_documentation.txt_chunk_0798,350
ubuntu_server_documentation.txt,ubuntu_server_documentation.txt_chunk_0799,350
ubuntu_server_documentation.txt,ubuntu_server_documentation.txt_chunk_0800,350
ubuntu_server_documentation.txt,ubuntu_server_documentation.txt_chunk_0801,350
ubuntu_server_documentation.txt,ubuntu_server_documentation.txt_chunk_0802,350
ubuntu_server_documentation.txt,ubuntu_server_documentation.txt_chunk_0803,350
ubuntu_server_documentation.txt,ubuntu_server_documentation.txt_chunk_0804,350
ubuntu_server_documentation.txt,ubuntu_server_documentation.txt_chunk_0805,350
ubuntu_server_documentation.txt,ubuntu_server_documentation.txt_chunk_0806,350
ubuntu_server_documentation.txt,ubuntu_server_documentation.txt_chunk_0807,350
ubuntu_server_documentation.txt,ubuntu_server_documentation.txt_chunk_0808,350
ubuntu_server_documentation.txt,ubuntu_server_documentation.txt_chunk_0809,350
ubuntu_server_documentation.txt,ubuntu_server_documentation.txt_chunk_0810,350
ubuntu_server_documentation.txt,ubuntu_server_documentation.txt_chunk_0811,350
ubuntu_server_documentation.txt,ubuntu_server_documentation.txt_chunk_0812,350
ubuntu_server_documentation.txt,ubuntu_server_documentation.txt_chunk_0813,350
ubuntu_server_documentation.txt,ubuntu_server_documentation.txt_chunk_0814,350
ubuntu_server_documentation.txt,ubuntu_server_documentation.txt_chunk_0815,350
ubuntu_server_documentation.txt,ubuntu_server_documentation.txt_chunk_0816,350
ubuntu_server_documentation.txt,ubuntu_server_documentation.txt_chunk_0817,350
ubuntu_server_documentation.txt,ubuntu_server_documentation.txt_chunk_0818,350
ubuntu_server_documentation.txt,ubuntu_server_documentation.txt_chunk_0819,350
ubuntu_server_documentation.txt,ubuntu_server_documentation.txt_chunk_0820,350
ubuntu_server_documentation.txt,ubuntu_server_documentation.txt_chunk_0821,350
ubuntu_server_documentation.txt,ubuntu_server_documentation.txt_chunk_0822,350
ubuntu_server_documentation.txt,ubuntu_server_documentation.txt_chunk_0823,350
ubuntu_server_documentation.txt,ubuntu_server_documentation.txt_chunk_0824,350
ubuntu_server_documentation.txt,ubuntu_server_documentation.txt_chunk_0825,350
ubuntu_server_documentation.txt,ubuntu_server_documentation.txt_chunk_0826,350
ubuntu_server_documentation.txt,ubuntu_server_documentation.txt_chunk_0827,350
ubuntu_server_documentation.txt,ubuntu_server_documentation.txt_chunk_0828,350
ubuntu_server_documentation.txt,ubuntu_server_documentation.txt_chunk_0829,350
ubuntu_server_documentation.txt,ubuntu_server_documentation.txt_chunk_0830,350
ubuntu_server_documentation.txt,ubuntu_server_documentation.txt_chunk_0831,350
ubuntu_server_documentation.txt,ubuntu_server_documentation.txt_chunk_0832,350
ubuntu_server_documentation.txt,ubuntu_server_documentation.txt_chunk_0833,350
ubuntu_server_documentation.txt,ubuntu_server_documentation.txt_chunk_0834,350
ubuntu_server_documentation.txt,ubuntu_server_documentation.txt_chunk_0835,350
ubuntu_server_documentation.txt,ubuntu_server_documentation.txt_chunk_0836,350
ubuntu_server_documentation.txt,ubuntu_server_documentation.txt_chunk_0837,350
ubuntu_server_documentation.txt,ubuntu_server_documentation.txt_chunk_0838,350
ubuntu_server_documentation.txt,ubuntu_server_documentation.txt_chunk_0839,350
ubuntu_server_documentation.txt,ubuntu_server_documentation.txt_chunk_0840,350
ubuntu_server_documentation.txt,ubuntu_server_documentation.txt_chunk_0841,350
ubuntu_server_documentation.txt,ubuntu_server_documentation.txt_chunk_0842,350
ubuntu_server_documentation.txt,ubuntu_server_documentation.txt_chunk_0843,350
ubuntu_server_documentation.txt,ubuntu_server_documentation.txt_chunk_0844,350
ubuntu_server_documentation.txt,ubuntu_server_documentation.txt_chunk_0845,350
ubuntu_server_documentation.txt,ubuntu_server_documentation.txt_chunk_0846,350
ubuntu_server_documentation.txt,ubuntu_server_documentation.txt_chunk_0847,350
ubuntu_server_documentation.txt,ubuntu_server_documentation.txt_chunk_0848,350
ubuntu_server_documentation.txt,ubuntu_server_documentation.txt_chunk_0849,350
ubuntu_server_documentation.txt,ubuntu_server_documentation.txt_chunk_0850,350
ubuntu_server_documentation.txt,ubuntu_server_documentation.txt_chunk_0851,350
ubuntu_server_documentation.txt,ubuntu_server_documentation.txt_chunk_0852,350
ubuntu_server_documentation.txt,ubuntu_server_documentation.txt_chunk_0853,350
ubuntu_server_documentation.txt,ubuntu_server_documentation.txt_chunk_0854,350
ubuntu_server_documentation.txt,ubuntu_server_documentation.txt_chunk_0855,350
ubuntu_server_documentation.txt,ubuntu_server_documentation.txt_chunk_0856,350
ubuntu_server_documentation.txt,ubuntu_server_documentation.txt_chunk_0857,350
ubuntu_server_documentation.txt,ubuntu_server_documentation.txt_chunk_0858,350
ubuntu_server_documentation.txt,ubuntu_server_documentation.txt_chunk_0859,350
ubuntu_server_documentation.txt,ubuntu_server_documentation.txt_chunk_0860,350
ubuntu_server_documentation.txt,ubuntu_server_documentation.txt_chunk_0861,350
ubuntu_server_documentation.txt,ubuntu_server_documentation.txt_chunk_0862,350
ubuntu_server_documentation.txt,ubuntu_server_documentation.txt_chunk_0863,350
ubuntu_server_documentation.txt,ubuntu_server_documentation.txt_chunk_0864,350
ubuntu_server_documentation.txt,ubuntu_server_documentation.txt_chunk_0865,350
ubuntu_server_documentation.txt,ubuntu_server_documentation.txt_chunk_0866,350
ubuntu_server_documentation.txt,ubuntu_server_documentation.txt_chunk_0867,350
ubuntu_server_documentation.txt,ubuntu_server_documentation.txt_chunk_0868,350
ubuntu_server_documentation.txt,ubuntu_server_documentation.txt_chunk_0869,350
ubuntu_server_documentation.txt,ubuntu_server_documentation.txt_chunk_0870,350
ubuntu_server_documentation.txt,ubuntu_server_documentation.txt_chunk_0871,350
ubuntu_server_documentation.txt,ubuntu_server_documentation.txt_chunk_0872,350
ubuntu_server_documentation.txt,ubuntu_server_documentation.txt_chunk_0873,350
ubuntu_server_documentation.txt,ubuntu_server_documentation.txt_chunk_0874,350
ubuntu_server_documentation.txt,ubuntu_server_documentation.txt_chunk_0875,350
ubuntu_server_documentation.txt,ubuntu_server_documentation.txt_chunk_0876,350
ubuntu_server_documentation.txt,ubuntu_server_documentation.txt_chunk_0877,350
ubuntu_server_documentation.txt,ubuntu_server_documentation.txt_chunk_0878,350
ubuntu_server_documentation.txt,ubuntu_server_documentation.txt_chunk_0879,350
ubuntu_server_documentation.txt,ubuntu_server_documentation.txt_chunk_0880,350
ubuntu_server_documentation.txt,ubuntu_server_documentation.txt_chunk_0881,350
ubuntu_server_documentation.txt,ubuntu_server_documentation.txt_chunk_0882,350
ubuntu_server_documentation.txt,ubuntu_server_documentation.txt_chunk_0883,350
ubuntu_server_documentation.txt,ubuntu_server_documentation.txt_chunk_0884,350
ubuntu_server_documentation.txt,ubuntu_server_documentation.txt_chunk_0885,350
ubuntu_server_documentation.txt,ubuntu_server_documentation.txt_chunk_0886,350
ubuntu_server_documentation.txt,ubuntu_server_documentation.txt_chunk_0887,350
ubuntu_server_documentation.txt,ubuntu_server_documentation.txt_chunk_0888,350
ubuntu_server_documentation.txt,ubuntu_server_documentation.txt_chunk_0889,350
ubuntu_server_documentation.txt,ubuntu_server_documentation.txt_chunk_0890,350
ubuntu_server_documentation.txt,ubuntu_server_documentation.txt_chunk_0891,350
ubuntu_server_documentation.txt,ubuntu_server_documentation.txt_chunk_0892,350
ubuntu_server_documentation.txt,ubuntu_server_documentation.txt_chunk_0893,350
ubuntu_server_documentation.txt,ubuntu_server_documentation.txt_chunk_0894,350
ubuntu_server_documentation.txt,ubuntu_server_documentation.txt_chunk_0895,350
ubuntu_server_documentation.txt,ubuntu_server_documentation.txt_chunk_0896,350
ubuntu_server_documentation.txt,ubuntu_server_documentation.txt_chunk_0897,350
ubuntu_server_documentation.txt,ubuntu_server_documentation.txt_chunk_0898,350
ubuntu_server_documentation.txt,ubuntu_server_documentation.txt_chunk_0899,350
ubuntu_server_documentation.txt,ubuntu_server_documentation.txt_chunk_0900,350
ubuntu_server_documentation.txt,ubuntu_server_documentation.txt_chunk_0901,350
ubuntu_server_documentation.txt,ubuntu_server_documentation.txt_chunk_0902,350
ubuntu_server_documentation.txt,ubuntu_server_documentation.txt_chunk_0903,350
ubuntu_server_documentation.txt,ubuntu_server_documentation.txt_chunk_0904,350
ubuntu_server_documentation.txt,ubuntu_server_documentation.txt_chunk_0905,350
ubuntu_server_documentation.txt,ubuntu_server_documentation.txt_chunk_0906,350
ubuntu_server_documentation.txt,ubuntu_server_documentation.txt_chunk_0907,350
ubuntu_server_documentation.txt,ubuntu_server_documentation.txt_chunk_0908,350
ubuntu_server_documentation.txt,ubuntu_server_documentation.txt_chunk_0909,350
ubuntu_server_documentation.txt,ubuntu_server_documentation.txt_chunk_0910,350
ubuntu_server_documentation.txt,ubuntu_server_documentation.txt_chunk_0911,350
ubuntu_server_documentation.txt,ubuntu_server_documentation.txt_chunk_0912,350
ubuntu_server_documentation.txt,ubuntu_server_documentation.txt_chunk_0913,350
ubuntu_server_documentation.txt,ubuntu_server_documentation.txt_chunk_0914,350
ubuntu_server_documentation.txt,ubuntu_server_documentation.txt_chunk_0915,350
ubuntu_server_documentation.txt,ubuntu_server_documentation.txt_chunk_0916,350
ubuntu_server_documentation.txt,ubuntu_server_documentation.txt_chunk_0917,350
ubuntu_server_documentation.txt,ubuntu_server_documentation.txt_chunk_0918,350
ubuntu_server_documentation.txt,ubuntu_server_documentation.txt_chunk_0919,350
ubuntu_server_documentation.txt,ubuntu_server_documentation.txt_chunk_0920,350
ubuntu_server_documentation.txt,ubuntu_server_documentation.txt_chunk_0921,350
ubuntu_server_documentation.txt,ubuntu_server_documentation.txt_chunk_0922,350
ubuntu_server_documentation.txt,ubuntu_server_documentation.txt_chunk_0923,350
ubuntu_server_documentation.txt,ubuntu_server_documentation.txt_chunk_0924,350
ubuntu_server_documentation.txt,ubuntu_server_documentation.txt_chunk_0925,350
ubuntu_server_documentation.txt,ubuntu_server_documentation.txt_chunk_0926,350
ubuntu_server_documentation.txt,ubuntu_server_documentation.txt_chunk_0927,322
